index,n_qubits,qc_depth,single_qubit_gates,multi_qubit_gates,qubit_topology,qasm_file
0,27,91148,"{'rz': 55311, 'sx': 17598, 'x': 1766, 'measure': 10}",{'cx': 76458},"(10, 12); (12, 10); (12, 13); (12, 15); (13, 12); (13, 14); (14, 13); (14, 16); (15, 12); (15, 18); (16, 14); (16, 19); (17, 18); (18, 15); (18, 17); (18, 21); (19, 16); (19, 22); (21, 18); (21, 23); (22, 19); (22, 25); (23, 21); (23, 24); (24, 23); (24, 25); (25, 22); (25, 24)",grover-noancilla_mapped_ibm_montreal_qiskit_opt3_10.qasm
1,27,928,"{'rz': 1037, 'sx': 835, 'x': 97, 'measure': 20}",{'cx': 2008},"(5, 8); (7, 10); (8, 5); (8, 9); (8, 11); (9, 8); (10, 7); (10, 12); (11, 8); (11, 14); (12, 10); (12, 13); (12, 15); (13, 12); (13, 14); (14, 11); (14, 13); (14, 16); (15, 12); (15, 18); (16, 14); (16, 19); (18, 15); (18, 21); (19, 16); (19, 20); (19, 22); (20, 19); (21, 18); (21, 23); (22, 19); (22, 25); (23, 21); (23, 24); (24, 23); (24, 25); (25, 22); (25, 24); (25, 26); (26, 25)",realamprandom_mapped_ibm_montreal_qiskit_opt3_20.qasm
2,27,201,"{'rz': 189, 'sx': 149, 'x': 7, 'measure': 7}",{'cx': 172},"(10, 12); (12, 10); (12, 13); (13, 12); (13, 14); (14, 13); (14, 16); (16, 14); (16, 19); (19, 16); (19, 22); (22, 19)",su2random_mapped_ibm_montreal_qiskit_opt3_7.qasm
3,27,247,"{'rz': 215, 'sx': 166, 'measure': 8, 'x': 6}",{'cx': 219},"(11, 14); (12, 13); (12, 15); (13, 12); (13, 14); (14, 11); (14, 13); (14, 16); (15, 12); (16, 14); (16, 19); (19, 16); (19, 20); (20, 19)",realamprandom_mapped_ibm_montreal_qiskit_opt3_8.qasm
4,27,30,"{'rz': 88, 'sx': 80, 'measure': 16, 'x': 8}",{'cx': 30},"(1, 2); (2, 1); (2, 3); (3, 2); (3, 5); (5, 3); (5, 8); (8, 5); (8, 11); (11, 8); (11, 14); (12, 13); (12, 15); (13, 12); (13, 14); (14, 11); (14, 13); (15, 12); (15, 18); (18, 15); (18, 21); (21, 18); (21, 23); (23, 21); (23, 24); (24, 23); (24, 25); (25, 24); (25, 26); (26, 25)",vqe_mapped_ibm_montreal_qiskit_opt3_16.qasm
5,27,479,"{'rz': 398, 'sx': 125, 'x': 26, 'measure': 14}",{'cx': 674},"(5, 8); (8, 5); (8, 11); (11, 8); (11, 14); (12, 13); (12, 15); (13, 12); (13, 14); (14, 11); (14, 13); (14, 16); (15, 12); (15, 18); (16, 14); (16, 19); (18, 15); (18, 21); (19, 16); (19, 22); (21, 18); (21, 23); (22, 19); (22, 25); (23, 21); (23, 24); (24, 23); (24, 25); (25, 22); (25, 24)",qpeinexact_mapped_ibm_montreal_qiskit_opt3_15.qasm
6,27,117,"{'rz': 82, 'sx': 25, 'measure': 7, 'x': 2}",{'cx': 113},"(10, 12); (12, 10); (12, 13); (12, 15); (13, 12); (13, 14); (14, 13); (14, 16); (15, 12); (16, 14); (16, 19); (19, 16)",qftentangled_mapped_ibm_montreal_qiskit_opt3_7.qasm
7,27,9,"{'measure': 6, 'rz': 2, 'sx': 1}",{'cx': 5},"(18, 21); (21, 18); (21, 23); (23, 21); (23, 24); (24, 23); (24, 25); (25, 24); (25, 26); (26, 25)",ghz_mapped_ibm_montreal_qiskit_opt3_6.qasm
8,27,929,"{'rz': 1053, 'sx': 814, 'x': 55, 'measure': 17}",{'cx': 1494},"(1, 2); (1, 4); (2, 1); (2, 3); (3, 2); (3, 5); (4, 1); (4, 7); (5, 3); (5, 8); (7, 4); (7, 10); (8, 5); (8, 9); (8, 11); (9, 8); (10, 7); (10, 12); (11, 8); (11, 14); (12, 10); (12, 13); (12, 15); (13, 12); (13, 14); (14, 11); (14, 13); (14, 16); (15, 12); (15, 18); (16, 14); (16, 19); (18, 15); (19, 16); (19, 22); (22, 19); (22, 25); (23, 24); (24, 23); (24, 25); (25, 22); (25, 24)",twolocalrandom_mapped_ibm_montreal_qiskit_opt3_17.qasm
9,27,69,"{'sx': 64, 'rz': 32, 'measure': 17, 'x': 1}",{'cx': 32},"(0, 1); (1, 0); (1, 2); (2, 1); (2, 3); (3, 2); (3, 5); (5, 3); (5, 8); (8, 5); (8, 11); (11, 8); (11, 14); (12, 13); (12, 15); (13, 12); (13, 14); (14, 11); (14, 13); (15, 12); (15, 18); (18, 15); (18, 21); (21, 18); (21, 23); (23, 21); (23, 24); (24, 23); (24, 25); (25, 24); (25, 26); (26, 25)",wstate_mapped_ibm_montreal_qiskit_opt3_17.qasm
10,27,552,"{'rz': 517, 'sx': 179, 'measure': 17, 'x': 13}",{'cx': 647},"(1, 2); (1, 4); (2, 1); (2, 3); (3, 2); (3, 5); (4, 1); (5, 3); (5, 8); (8, 5); (8, 9); (8, 11); (9, 8); (11, 8); (11, 14); (12, 13); (13, 12); (13, 14); (14, 11); (14, 13); (14, 16); (16, 14); (16, 19); (19, 16); (19, 22); (22, 19); (22, 25); (23, 24); (24, 23); (24, 25); (25, 22); (25, 24)",ae_mapped_ibm_montreal_qiskit_opt3_17.qasm
11,27,43,"{'rz': 68, 'sx': 35, 'measure': 14}",{'cx': 40},"(10, 12); (12, 10); (12, 15); (14, 16); (15, 12); (15, 18); (16, 14); (16, 19); (18, 15); (19, 16)",qaoa_mapped_ibm_montreal_qiskit_opt3_7.qasm
12,27,19,"{'rz': 16, 'sx': 8, 'measure': 6}",{'cx': 12},"(15, 18); (16, 19); (18, 15); (18, 21); (19, 16); (19, 22); (21, 18); (22, 19)",graphstate_mapped_ibm_montreal_qiskit_opt3_6.qasm
13,27,74,"{'rz': 96, 'sx': 50, 'measure': 20}",{'cx': 76},"(12, 13); (12, 15); (13, 12); (13, 14); (14, 13); (14, 16); (15, 12); (15, 18); (16, 14); (16, 19); (18, 15); (18, 21); (19, 16); (19, 22); (21, 18); (21, 23); (22, 19); (22, 25); (23, 21); (23, 24); (24, 23); (24, 25); (25, 22); (25, 24)",qaoa_mapped_ibm_montreal_qiskit_opt3_10.qasm
14,27,41,"{'rz': 54, 'sx': 32, 'measure': 15, 'x': 1}",{'cx': 45},"(3, 5); (5, 3); (5, 8); (8, 5); (8, 11); (11, 8); (11, 14); (12, 13); (12, 15); (13, 12); (13, 14); (14, 11); (14, 13); (15, 12); (15, 18); (16, 19); (18, 15); (19, 16); (19, 22); (22, 19); (22, 25); (23, 24); (24, 23); (24, 25); (25, 22); (25, 24); (25, 26); (26, 25)",graphstate_mapped_ibm_montreal_qiskit_opt3_15.qasm
15,27,4902,"{'rz': 2683, 'sx': 652, 'x': 107, 'measure': 7}",{'cx': 4040},"(7, 10); (10, 7); (10, 12); (12, 10); (12, 13); (12, 15); (13, 12); (13, 14); (14, 13); (14, 16); (15, 12); (16, 14)",qwalk-noancilla_mapped_ibm_montreal_qiskit_opt3_7.qasm
16,27,619,"{'rz': 650, 'sx': 193, 'x': 31, 'measure': 18}",{'cx': 985},"(1, 2); (1, 4); (2, 1); (2, 3); (3, 2); (3, 5); (4, 1); (4, 7); (5, 3); (5, 8); (7, 4); (7, 10); (8, 5); (8, 11); (10, 7); (10, 12); (11, 8); (11, 14); (12, 10); (12, 13); (12, 15); (13, 12); (13, 14); (14, 11); (14, 13); (14, 16); (15, 12); (15, 18); (16, 14); (16, 19); (18, 15); (18, 21); (19, 16); (19, 22); (21, 18); (21, 23); (22, 19); (22, 25); (23, 21); (23, 24); (24, 23); (24, 25); (25, 22); (25, 24)",qpeinexact_mapped_ibm_montreal_qiskit_opt3_19.qasm
17,27,322,"{'rz': 293, 'sx': 85, 'x': 29, 'measure': 13}",{'cx': 468},"(7, 10); (10, 7); (10, 12); (11, 14); (12, 10); (12, 13); (12, 15); (13, 12); (13, 14); (14, 11); (14, 13); (14, 16); (15, 12); (15, 18); (16, 14); (16, 19); (18, 15); (18, 21); (19, 16); (19, 22); (21, 18); (21, 23); (22, 19); (22, 25); (23, 21); (23, 24); (24, 23); (24, 25); (25, 22); (25, 24)",qft_mapped_ibm_montreal_qiskit_opt3_13.qasm
18,27,50,"{'rz': 52, 'sx': 31, 'measure': 11, 'x': 4}",{'cx': 18},"(11, 14); (13, 14); (14, 11); (14, 13); (14, 16); (16, 14); (16, 19); (18, 21); (19, 16); (19, 22); (21, 18); (21, 23); (22, 19); (22, 25); (23, 21); (23, 24); (24, 23); (24, 25); (25, 22); (25, 24); (25, 26); (26, 25)",dj_mapped_ibm_montreal_qiskit_opt3_12.qasm
19,27,458,"{'rz': 536, 'sx': 194, 'x': 37, 'measure': 17}",{'cx': 772},"(1, 2); (1, 4); (2, 1); (2, 3); (3, 2); (3, 5); (4, 1); (4, 7); (5, 3); (5, 8); (7, 4); (7, 10); (8, 5); (8, 11); (10, 7); (10, 12); (11, 8); (11, 14); (12, 10); (12, 13); (12, 15); (13, 12); (13, 14); (14, 11); (14, 13); (14, 16); (15, 12); (15, 18); (16, 14); (16, 19); (18, 15); (18, 21); (19, 16); (19, 22); (21, 18); (21, 23); (22, 19); (22, 25); (23, 21); (23, 24); (24, 23); (24, 25); (25, 22); (25, 24)",qftentangled_mapped_ibm_montreal_qiskit_opt3_17.qasm
20,27,814,"{'rz': 850, 'sx': 640, 'x': 36, 'measure': 16}",{'cx': 1286},"(5, 8); (8, 5); (8, 11); (10, 12); (11, 8); (11, 14); (12, 10); (12, 13); (12, 15); (13, 12); (13, 14); (14, 11); (14, 13); (14, 16); (15, 12); (15, 18); (16, 14); (16, 19); (18, 15); (18, 21); (19, 16); (19, 22); (21, 18); (21, 23); (22, 19); (22, 25); (23, 21); (23, 24); (24, 23); (24, 25); (25, 22); (25, 24); (25, 26); (26, 25)",realamprandom_mapped_ibm_montreal_qiskit_opt3_16.qasm
21,27,332,"{'rz': 236, 'sx': 59, 'measure': 11, 'x': 10}",{'cx': 445},"(10, 12); (12, 10); (12, 13); (12, 15); (13, 12); (13, 14); (14, 13); (14, 16); (15, 12); (15, 18); (16, 14); (16, 19); (18, 15); (18, 21); (19, 16); (19, 22); (21, 18); (21, 23); (22, 19); (22, 25); (23, 21); (23, 24); (24, 23); (24, 25); (25, 22); (25, 24)",qpeexact_mapped_ibm_montreal_qiskit_opt3_12.qasm
22,27,16,"{'measure': 13, 'rz': 2, 'sx': 1}",{'cx': 12},"(12, 13); (12, 15); (13, 12); (13, 14); (14, 13); (14, 16); (15, 12); (15, 18); (16, 14); (16, 19); (18, 15); (18, 21); (19, 16); (19, 20); (20, 19); (21, 18); (21, 23); (23, 21); (23, 24); (24, 23); (24, 25); (25, 24); (25, 26); (26, 25)",ghz_mapped_ibm_montreal_qiskit_opt3_13.qasm
23,27,42,"{'rz': 59, 'sx': 31, 'measure': 19, 'x': 1}",{'cx': 53},"(1, 2); (1, 4); (2, 1); (2, 3); (3, 2); (3, 5); (4, 1); (4, 7); (5, 3); (5, 8); (7, 4); (7, 10); (8, 5); (8, 11); (10, 7); (10, 12); (11, 8); (11, 14); (12, 10); (12, 13); (12, 15); (13, 12); (14, 11); (14, 16); (15, 12); (15, 18); (16, 14); (16, 19); (17, 18); (18, 15); (18, 17); (18, 21); (19, 16); (19, 22); (21, 18); (21, 23); (22, 19); (22, 25); (23, 21); (23, 24); (24, 23); (24, 25); (25, 22); (25, 24)",graphstate_mapped_ibm_montreal_qiskit_opt3_19.qasm
24,27,505,"{'rz': 284, 'sx': 224, 'measure': 11, 'x': 7}",{'cx': 599},"(8, 11); (10, 12); (11, 8); (11, 14); (12, 10); (12, 13); (12, 15); (13, 12); (13, 14); (14, 11); (14, 13); (14, 16); (15, 12); (15, 18); (16, 14); (16, 19); (18, 15); (19, 16); (19, 20); (20, 19)",su2random_mapped_ibm_montreal_qiskit_opt3_11.qasm
25,27,197,"{'rz': 252, 'sx': 178, 'measure': 12, 'x': 1}",{'cx': 204},"(11, 14); (12, 13); (13, 12); (13, 14); (14, 11); (14, 13); (14, 16); (16, 14); (16, 19); (19, 16); (19, 22); (21, 23); (22, 19); (22, 25); (23, 21); (23, 24); (24, 23); (24, 25); (25, 22); (25, 24); (25, 26); (26, 25)",qgan_mapped_ibm_montreal_qiskit_opt3_12.qasm
26,27,23,"{'rz': 48, 'sx': 26, 'measure': 18, 'x': 1}",{'cx': 34},"(1, 2); (1, 4); (2, 1); (2, 3); (3, 2); (3, 5); (4, 1); (4, 7); (5, 3); (5, 8); (7, 4); (7, 10); (8, 5); (8, 11); (10, 7); (10, 12); (11, 8); (11, 14); (12, 10); (12, 13); (12, 15); (13, 12); (13, 14); (14, 11); (14, 13); (15, 12); (15, 18); (16, 19); (18, 15); (18, 21); (19, 16); (19, 20); (19, 22); (20, 19); (21, 18); (22, 19); (22, 25); (25, 22)",graphstate_mapped_ibm_montreal_qiskit_opt3_18.qasm
27,27,336,"{'rz': 314, 'sx': 245, 'measure': 10, 'x': 6}",{'cx': 394},"(10, 12); (11, 14); (12, 10); (12, 13); (12, 15); (13, 12); (13, 14); (14, 11); (14, 13); (15, 12); (15, 18); (17, 18); (18, 15); (18, 17); (18, 21); (21, 18); (21, 23); (23, 21)",su2random_mapped_ibm_montreal_qiskit_opt3_10.qasm
28,27,15,"{'measure': 12, 'rz': 2, 'sx': 1}",{'cx': 11},"(12, 13); (12, 15); (13, 12); (13, 14); (14, 13); (14, 16); (15, 12); (15, 18); (16, 14); (16, 19); (18, 15); (18, 21); (19, 16); (21, 18); (21, 23); (23, 21); (23, 24); (24, 23); (24, 25); (25, 24); (25, 26); (26, 25)",ghz_mapped_ibm_montreal_qiskit_opt3_12.qasm
29,27,336,"{'rz': 280, 'sx': 83, 'x': 17, 'measure': 12}",{'cx': 414},"(7, 10); (10, 7); (10, 12); (12, 10); (12, 13); (12, 15); (13, 12); (13, 14); (14, 13); (14, 16); (15, 12); (15, 18); (16, 14); (16, 19); (18, 15); (18, 21); (19, 16); (19, 22); (21, 18); (21, 23); (22, 19); (22, 25); (23, 21); (23, 24); (24, 23); (24, 25); (25, 22); (25, 24)",qpeexact_mapped_ibm_montreal_qiskit_opt3_13.qasm
30,27,403,"{'rz': 477, 'sx': 189, 'x': 22, 'measure': 16}",{'cx': 640},"(8, 11); (10, 12); (11, 8); (11, 14); (12, 10); (12, 13); (12, 15); (13, 12); (13, 14); (14, 11); (14, 13); (14, 16); (15, 12); (15, 18); (16, 14); (16, 19); (18, 15); (18, 21); (19, 16); (19, 22); (21, 18); (21, 23); (22, 19); (22, 25); (23, 21); (23, 24); (24, 23); (24, 25); (25, 22); (25, 24); (25, 26); (26, 25)",qftentangled_mapped_ibm_montreal_qiskit_opt3_16.qasm
31,27,928,"{'rz': 1058, 'sx': 815, 'x': 55, 'measure': 17}",{'cx': 1494},"(1, 2); (1, 4); (2, 1); (2, 3); (3, 2); (3, 5); (4, 1); (4, 7); (5, 3); (5, 8); (7, 4); (7, 10); (8, 5); (8, 9); (8, 11); (9, 8); (10, 7); (10, 12); (11, 8); (11, 14); (12, 10); (12, 13); (12, 15); (13, 12); (13, 14); (14, 11); (14, 13); (14, 16); (15, 12); (15, 18); (16, 14); (16, 19); (18, 15); (19, 16); (19, 22); (22, 19); (22, 25); (23, 24); (24, 23); (24, 25); (25, 22); (25, 24)",realamprandom_mapped_ibm_montreal_qiskit_opt3_17.qasm
32,27,53,"{'rz': 46, 'sx': 27, 'measure': 12, 'x': 1}",{'cx': 37},"(7, 10); (10, 7); (10, 12); (11, 14); (12, 10); (12, 13); (12, 15); (13, 12); (13, 14); (14, 11); (14, 13); (14, 16); (15, 12); (15, 18); (16, 14); (16, 19); (18, 15); (18, 21); (19, 16); (19, 22); (21, 18); (21, 23); (22, 19); (23, 21); (23, 24); (24, 23)",dj_mapped_ibm_montreal_qiskit_opt3_13.qasm
33,27,285,"{'rz': 236, 'sx': 72, 'x': 14, 'measure': 12}",{'cx': 369},"(8, 11); (11, 8); (11, 14); (12, 13); (12, 15); (13, 12); (13, 14); (14, 11); (14, 13); (14, 16); (15, 12); (15, 18); (16, 14); (16, 19); (18, 15); (18, 21); (19, 16); (19, 22); (21, 18); (21, 23); (22, 19); (23, 21)",qft_mapped_ibm_montreal_qiskit_opt3_12.qasm
34,27,117,"{'rz': 60, 'sx': 54, 'measure': 5, 'x': 1}",{'cx': 88},"(12, 15); (15, 12); (15, 18); (18, 15); (18, 21); (21, 18); (21, 23); (23, 21)",realamprandom_mapped_ibm_montreal_qiskit_opt3_5.qasm
35,27,589,"{'rz': 550, 'sx': 142, 'x': 24, 'measure': 17}",{'cx': 943},"(1, 2); (1, 4); (2, 1); (2, 3); (3, 2); (3, 5); (4, 1); (4, 7); (5, 3); (5, 8); (7, 4); (7, 10); (8, 5); (8, 11); (10, 7); (10, 12); (11, 8); (11, 14); (12, 10); (12, 13); (12, 15); (13, 12); (13, 14); (14, 11); (14, 13); (14, 16); (15, 12); (15, 18); (16, 14); (16, 19); (18, 15); (19, 16); (19, 20); (19, 22); (20, 19); (22, 19); (22, 25); (25, 22)",qpeinexact_mapped_ibm_montreal_qiskit_opt3_18.qasm
36,27,683,"{'rz': 711, 'sx': 258, 'x': 31, 'measure': 20}",{'cx': 1002},"(1, 2); (1, 4); (2, 1); (4, 1); (4, 7); (6, 7); (7, 4); (7, 6); (7, 10); (10, 7); (10, 12); (11, 14); (12, 10); (12, 13); (12, 15); (13, 12); (13, 14); (14, 11); (14, 13); (14, 16); (15, 12); (15, 18); (16, 14); (16, 19); (18, 15); (18, 21); (19, 16); (19, 20); (19, 22); (20, 19); (21, 18); (21, 23); (22, 19); (22, 25); (23, 21); (23, 24); (24, 23); (24, 25); (25, 22); (25, 24)",ae_mapped_ibm_montreal_qiskit_opt3_20.qasm
37,27,81,"{'sx': 76, 'rz': 38, 'measure': 20, 'x': 1}",{'cx': 38},"(1, 2); (1, 4); (2, 1); (2, 3); (3, 2); (3, 5); (4, 1); (4, 7); (5, 3); (5, 8); (7, 4); (7, 10); (8, 5); (8, 11); (10, 7); (10, 12); (11, 8); (11, 14); (12, 10); (12, 15); (14, 11); (14, 16); (15, 12); (15, 18); (16, 14); (16, 19); (18, 15); (18, 21); (19, 16); (19, 20); (20, 19); (21, 18); (21, 23); (23, 21); (23, 24); (24, 23); (24, 25); (25, 24)",wstate_mapped_ibm_montreal_qiskit_opt3_20.qasm
38,27,929,"{'rz': 1042, 'sx': 839, 'x': 96, 'measure': 20}",{'cx': 2008},"(5, 8); (7, 10); (8, 5); (8, 9); (8, 11); (9, 8); (10, 7); (10, 12); (11, 8); (11, 14); (12, 10); (12, 13); (12, 15); (13, 12); (13, 14); (14, 11); (14, 13); (14, 16); (15, 12); (15, 18); (16, 14); (16, 19); (18, 15); (18, 21); (19, 16); (19, 20); (19, 22); (20, 19); (21, 18); (21, 23); (22, 19); (22, 25); (23, 21); (23, 24); (24, 23); (24, 25); (25, 22); (25, 24); (25, 26); (26, 25)",twolocalrandom_mapped_ibm_montreal_qiskit_opt3_20.qasm
39,27,684,"{'rz': 782, 'sx': 511, 'measure': 13, 'x': 5}",{'cx': 955},"(7, 10); (10, 7); (10, 12); (12, 10); (12, 13); (12, 15); (13, 12); (13, 14); (14, 13); (14, 16); (15, 12); (15, 18); (16, 14); (16, 19); (18, 15); (18, 21); (19, 16); (19, 22); (21, 18); (21, 23); (22, 19); (22, 25); (23, 21); (23, 24); (24, 23); (24, 25); (25, 22); (25, 24); (25, 26); (26, 25)",portfoliovqe_mapped_ibm_montreal_qiskit_opt3_13.qasm
40,27,2890,"{'rz': 1633, 'sx': 678, 'x': 73, 'measure': 6}",{'cx': 2002},"(14, 16); (16, 14); (16, 19); (19, 16); (19, 22); (22, 19); (22, 25); (24, 25); (25, 22); (25, 24)",qwalk-noancilla_mapped_ibm_montreal_qiskit_opt3_6.qasm
41,27,33,"{'rz': 32, 'sx': 18, 'measure': 14}",{'cx': 36},"(1, 2); (1, 4); (2, 1); (2, 3); (3, 2); (3, 5); (4, 1); (4, 7); (5, 3); (5, 8); (7, 4); (7, 10); (8, 5); (8, 11); (10, 7); (10, 12); (11, 8); (11, 14); (12, 10); (12, 15); (13, 14); (14, 11); (14, 13); (14, 16); (15, 12); (15, 18); (16, 14); (16, 19); (18, 15); (18, 21); (19, 16); (19, 22); (21, 18); (21, 23); (22, 19); (22, 25); (23, 21); (23, 24); (24, 23); (24, 25); (25, 22); (25, 24)",graphstate_mapped_ibm_montreal_qiskit_opt3_14.qasm
42,27,48,"{'rz': 105, 'sx': 55, 'measure': 22}",{'cx': 98},"(1, 2); (1, 4); (2, 1); (2, 3); (3, 2); (3, 5); (4, 1); (4, 7); (5, 3); (5, 8); (7, 4); (7, 10); (8, 5); (8, 11); (10, 7); (10, 12); (11, 8); (11, 14); (12, 10); (12, 13); (13, 12); (13, 14); (14, 11); (14, 13); (14, 16); (16, 14); (16, 19); (19, 16); (19, 22); (22, 19); (22, 25); (24, 25); (25, 22); (25, 24)",qaoa_mapped_ibm_montreal_qiskit_opt3_11.qasm
43,27,41,"{'rz': 22, 'sx': 13, 'measure': 7}",{'cx': 38},"(4, 7); (7, 4); (7, 10); (10, 7); (10, 12); (12, 10); (12, 13); (12, 15); (13, 12); (13, 14); (14, 13); (14, 16); (15, 12); (15, 18); (16, 14); (16, 19); (18, 15); (18, 21); (19, 16); (19, 22); (21, 18); (21, 23); (22, 19); (22, 25); (23, 21); (23, 24); (24, 23); (24, 25); (25, 22); (25, 24)",graphstate_mapped_ibm_montreal_qiskit_opt3_7.qasm
44,27,59,"{'rz': 58, 'sx': 30, 'measure': 12}",{'cx': 39},"(10, 12); (12, 10); (12, 13); (12, 15); (13, 12); (13, 14); (14, 13); (15, 12); (15, 18); (18, 15)",qaoa_mapped_ibm_montreal_qiskit_opt3_6.qasm
45,27,815,"{'rz': 851, 'sx': 641, 'x': 36, 'measure': 16}",{'cx': 1286},"(5, 8); (8, 5); (8, 11); (10, 12); (11, 8); (11, 14); (12, 10); (12, 13); (12, 15); (13, 12); (13, 14); (14, 11); (14, 13); (14, 16); (15, 12); (15, 18); (16, 14); (16, 19); (18, 15); (18, 21); (19, 16); (19, 22); (21, 18); (21, 23); (22, 19); (22, 25); (23, 21); (23, 24); (24, 23); (24, 25); (25, 22); (25, 24); (25, 26); (26, 25)",twolocalrandom_mapped_ibm_montreal_qiskit_opt3_16.qasm
46,27,65,"{'sx': 60, 'rz': 30, 'measure': 16, 'x': 1}",{'cx': 30},"(0, 1); (1, 0); (1, 2); (2, 1); (2, 3); (3, 2); (3, 5); (5, 3); (5, 8); (8, 5); (8, 11); (11, 8); (11, 14); (12, 13); (12, 15); (13, 12); (13, 14); (14, 11); (14, 13); (15, 12); (15, 18); (18, 15); (18, 21); (21, 18); (21, 23); (23, 21); (23, 24); (24, 23); (24, 25); (25, 24)",wstate_mapped_ibm_montreal_qiskit_opt3_16.qasm
47,27,532,"{'rz': 455, 'sx': 170, 'measure': 16, 'x': 15}",{'cx': 553},"(8, 11); (10, 12); (11, 8); (11, 14); (12, 10); (12, 13); (12, 15); (13, 12); (13, 14); (14, 11); (14, 13); (14, 16); (15, 12); (15, 18); (16, 14); (16, 19); (18, 15); (18, 21); (19, 16); (19, 22); (21, 18); (21, 23); (22, 19); (22, 25); (23, 21); (23, 24); (24, 23); (25, 22); (25, 26); (26, 25)",ae_mapped_ibm_montreal_qiskit_opt3_16.qasm
48,27,10,"{'measure': 7, 'rz': 2, 'sx': 1}",{'cx': 6},"(17, 18); (18, 17); (18, 21); (21, 18); (21, 23); (23, 21); (23, 24); (24, 23); (24, 25); (25, 24); (25, 26); (26, 25)",ghz_mapped_ibm_montreal_qiskit_opt3_7.qasm
49,27,93,"{'rz': 60, 'sx': 19, 'measure': 6, 'x': 1}",{'cx': 83},"(12, 13); (12, 15); (13, 12); (13, 14); (14, 13); (14, 16); (15, 12); (15, 18); (16, 14); (18, 15)",qftentangled_mapped_ibm_montreal_qiskit_opt3_6.qasm
50,27,385,"{'rz': 331, 'sx': 96, 'x': 13, 'measure': 13}",{'cx': 540},"(11, 14); (12, 13); (12, 15); (13, 12); (13, 14); (14, 11); (14, 13); (14, 16); (15, 12); (15, 18); (16, 14); (16, 19); (18, 15); (18, 21); (19, 16); (19, 20); (19, 22); (20, 19); (21, 18); (21, 23); (22, 19); (22, 25); (23, 21); (23, 24); (24, 23); (24, 25); (25, 22); (25, 24)",qpeinexact_mapped_ibm_montreal_qiskit_opt3_14.qasm
51,27,356,"{'rz': 177, 'sx': 152, 'x': 11, 'measure': 9}",{'cx': 344},"(8, 11); (10, 12); (11, 8); (11, 14); (12, 10); (12, 13); (12, 15); (13, 12); (13, 14); (14, 11); (14, 13); (14, 16); (15, 12); (16, 14); (16, 19); (19, 16)",realamprandom_mapped_ibm_montreal_qiskit_opt3_9.qasm
52,27,31,"{'rz': 99, 'sx': 98, 'measure': 17, 'x': 2}",{'cx': 32},"(0, 1); (1, 0); (1, 2); (2, 1); (2, 3); (3, 2); (3, 5); (5, 3); (5, 8); (8, 5); (8, 11); (11, 8); (11, 14); (12, 13); (12, 15); (13, 12); (13, 14); (14, 11); (14, 13); (15, 12); (15, 18); (18, 15); (18, 21); (21, 18); (21, 23); (23, 21); (23, 24); (24, 23); (24, 25); (25, 24); (25, 26); (26, 25)",vqe_mapped_ibm_montreal_qiskit_opt3_17.qasm
53,27,146,"{'rz': 95, 'sx': 81, 'measure': 6}",{'cx': 112},"(10, 12); (12, 10); (12, 13); (12, 15); (13, 12); (13, 14); (14, 13); (15, 12); (15, 18); (18, 15)",su2random_mapped_ibm_montreal_qiskit_opt3_6.qasm
54,27,440,"{'rz': 678, 'sx': 145, 'x': 29, 'measure': 20}",{'cx': 1051},"(1, 2); (1, 4); (2, 1); (2, 3); (3, 2); (3, 5); (4, 1); (4, 7); (5, 3); (5, 8); (6, 7); (7, 4); (7, 6); (7, 10); (8, 5); (8, 11); (10, 7); (10, 12); (11, 8); (11, 14); (12, 10); (12, 13); (12, 15); (13, 12); (13, 14); (14, 11); (14, 13); (14, 16); (15, 12); (15, 18); (16, 14); (16, 19); (18, 15); (18, 21); (19, 16); (19, 20); (19, 22); (20, 19); (21, 18); (21, 23); (22, 19); (22, 25); (23, 21); (23, 24); (24, 23); (24, 25); (25, 22); (25, 24)",qftentangled_mapped_ibm_montreal_qiskit_opt3_20.qasm
55,27,262006,"{'rz': 157335, 'sx': 44885, 'x': 7983, 'measure': 11}",{'cx': 274194},"(12, 13); (12, 15); (13, 12); (13, 14); (14, 13); (14, 16); (15, 12); (15, 18); (16, 14); (16, 19); (18, 15); (18, 21); (19, 16); (19, 22); (21, 18); (21, 23); (22, 19); (22, 25); (23, 21); (23, 24); (24, 23); (24, 25); (25, 22); (25, 24)",grover-noancilla_mapped_ibm_montreal_qiskit_opt3_11.qasm
56,27,19,"{'rz': 28, 'sx': 28, 'measure': 5, 'x': 1}",{'cx': 8},"(21, 23); (23, 21); (23, 24); (24, 23); (24, 25); (25, 24); (25, 26); (26, 25)",vqe_mapped_ibm_montreal_qiskit_opt3_5.qasm
57,27,25,"{'sx': 20, 'rz': 10, 'measure': 6, 'x': 1}",{'cx': 10},"(17, 18); (18, 17); (18, 21); (21, 18); (21, 23); (23, 21); (23, 24); (24, 23); (24, 25); (25, 24)",wstate_mapped_ibm_montreal_qiskit_opt3_6.qasm
58,27,862,"{'rz': 874, 'sx': 570, 'measure': 14, 'x': 8}",{'cx': 1237},"(10, 12); (11, 14); (12, 10); (12, 13); (12, 15); (13, 12); (13, 14); (14, 11); (14, 13); (14, 16); (15, 12); (15, 18); (16, 14); (16, 19); (17, 18); (18, 15); (18, 17); (18, 21); (19, 16); (19, 22); (21, 18); (21, 23); (22, 19); (22, 25); (23, 21); (23, 24); (24, 23); (24, 25); (25, 22); (25, 24)",portfoliovqe_mapped_ibm_montreal_qiskit_opt3_14.qasm
59,27,396,"{'rz': 423, 'sx': 143, 'x': 36, 'measure': 15}",{'cx': 632},"(5, 8); (8, 5); (8, 9); (8, 11); (9, 8); (11, 8); (11, 14); (12, 13); (12, 15); (13, 12); (13, 14); (14, 11); (14, 13); (14, 16); (15, 12); (15, 18); (16, 14); (16, 19); (18, 15); (18, 21); (19, 16); (19, 22); (21, 18); (21, 23); (22, 19); (22, 25); (23, 21); (23, 24); (24, 23); (24, 25); (25, 22); (25, 24); (25, 26); (26, 25)",qft_mapped_ibm_montreal_qiskit_opt3_15.qasm
60,27,33340,"{'rz': 19484, 'sx': 6445, 'x': 1359, 'measure': 9}",{'cx': 25167},"(8, 11); (11, 8); (11, 14); (12, 13); (12, 15); (13, 12); (13, 14); (14, 11); (14, 13); (14, 16); (15, 12); (16, 14); (16, 19); (19, 16); (19, 22); (22, 19)",grover-noancilla_mapped_ibm_montreal_qiskit_opt3_9.qasm
61,27,59,"{'rz': 50, 'sx': 29, 'measure': 13, 'x': 1}",{'cx': 38},"(8, 11); (10, 12); (11, 8); (11, 14); (12, 10); (12, 13); (12, 15); (13, 12); (13, 14); (14, 11); (14, 13); (14, 16); (15, 12); (15, 18); (16, 14); (16, 19); (17, 18); (18, 15); (18, 17); (18, 21); (19, 16); (19, 20); (19, 22); (20, 19); (21, 18); (21, 23); (22, 19); (23, 21)",dj_mapped_ibm_montreal_qiskit_opt3_14.qasm
62,27,244,"{'rz': 209, 'sx': 166, 'measure': 8, 'x': 6}",{'cx': 219},"(11, 14); (12, 13); (12, 15); (13, 12); (13, 14); (14, 11); (14, 13); (14, 16); (15, 12); (16, 14); (16, 19); (19, 16); (19, 20); (20, 19)",twolocalrandom_mapped_ibm_montreal_qiskit_opt3_8.qasm
63,27,282,"{'rz': 250, 'sx': 124, 'x': 18, 'measure': 11}",{'cx': 301},"(8, 11); (11, 8); (11, 14); (12, 13); (12, 15); (13, 12); (13, 14); (14, 11); (14, 13); (14, 16); (15, 12); (15, 18); (16, 14); (16, 19); (18, 15); (18, 21); (19, 16); (21, 18); (21, 23); (23, 21)",qftentangled_mapped_ibm_montreal_qiskit_opt3_11.qasm
64,27,249,"{'rz': 237, 'sx': 172, 'measure': 7, 'x': 1}",{'cx': 208},"(10, 12); (12, 10); (12, 13); (13, 12); (13, 14); (14, 13); (14, 16); (16, 14); (16, 19); (19, 16); (19, 22); (22, 19)",portfoliovqe_mapped_ibm_montreal_qiskit_opt3_7.qasm
65,27,84246,"{'rz': 50186, 'sx': 14951, 'x': 2667, 'measure': 11}",{'cx': 68607},"(8, 11); (11, 8); (11, 14); (12, 13); (13, 12); (13, 14); (14, 11); (14, 13); (14, 16); (16, 14); (16, 19); (19, 16); (19, 20); (19, 22); (20, 19); (22, 19); (22, 25); (24, 25); (25, 22); (25, 24)",qwalk-noancilla_mapped_ibm_montreal_qiskit_opt3_11.qasm
66,27,327,"{'rz': 314, 'sx': 256, 'x': 25, 'measure': 10}",{'cx': 360},"(8, 11); (11, 8); (11, 14); (12, 13); (12, 15); (13, 12); (13, 14); (14, 11); (14, 13); (14, 16); (15, 12); (15, 18); (16, 14); (17, 18); (18, 15); (18, 17); (18, 21); (21, 18)",realamprandom_mapped_ibm_montreal_qiskit_opt3_10.qasm
67,27,64,"{'rz': 55, 'sx': 19, 'measure': 5, 'x': 2}",{'cx': 43},"(11, 14); (12, 13); (13, 12); (13, 14); (14, 11); (14, 13); (14, 16); (16, 14); (16, 19); (19, 16)",qpeexact_mapped_ibm_montreal_qiskit_opt3_6.qasm
68,27,28,"{'rz': 26, 'sx': 15, 'measure': 7}",{'cx': 19},"(11, 14); (12, 13); (12, 15); (13, 12); (13, 14); (14, 11); (14, 13); (14, 16); (15, 12); (15, 18); (16, 14); (16, 19); (18, 15); (19, 16)",dj_mapped_ibm_montreal_qiskit_opt3_8.qasm
69,27,365,"{'rz': 308, 'sx': 83, 'x': 15, 'measure': 13}",{'cx': 504},"(10, 12); (12, 10); (12, 13); (12, 15); (13, 12); (13, 14); (14, 13); (14, 16); (15, 12); (15, 18); (16, 14); (16, 19); (17, 18); (18, 15); (18, 17); (18, 21); (19, 16); (19, 22); (21, 18); (21, 23); (22, 19); (22, 25); (23, 21); (23, 24); (24, 23); (24, 25); (25, 22); (25, 24)",qpeexact_mapped_ibm_montreal_qiskit_opt3_14.qasm
70,27,18,"{'measure': 15, 'rz': 2, 'sx': 1}",{'cx': 14},"(2, 3); (3, 2); (3, 5); (5, 3); (5, 8); (8, 5); (8, 11); (11, 8); (11, 14); (12, 13); (12, 15); (13, 12); (13, 14); (14, 11); (14, 13); (15, 12); (15, 18); (18, 15); (18, 21); (21, 18); (21, 23); (23, 21); (23, 24); (24, 23); (24, 25); (25, 24); (25, 26); (26, 25)",ghz_mapped_ibm_montreal_qiskit_opt3_15.qasm
71,27,165,"{'rz': 90, 'sx': 39, 'measure': 10, 'x': 1}",{'cx': 128},"(12, 15); (15, 12); (15, 18); (18, 15); (18, 21); (21, 18); (21, 23); (23, 21)",portfolioqaoa_mapped_ibm_montreal_qiskit_opt3_5.qasm
72,27,776,"{'rz': 793, 'sx': 643, 'x': 58, 'measure': 17}",{'cx': 1452},"(5, 8); (8, 5); (8, 9); (8, 11); (9, 8); (10, 12); (11, 8); (11, 14); (12, 10); (12, 13); (12, 15); (13, 12); (13, 14); (14, 11); (14, 13); (14, 16); (15, 12); (15, 18); (16, 14); (16, 19); (18, 15); (18, 21); (19, 16); (19, 22); (21, 18); (21, 23); (22, 19); (22, 25); (23, 21); (23, 24); (24, 23); (24, 25); (25, 22); (25, 24)",su2random_mapped_ibm_montreal_qiskit_opt3_17.qasm
73,27,678,"{'rz': 1664, 'sx': 1109, 'x': 20, 'measure': 18}",{'cx': 1476},"(1, 2); (1, 4); (2, 1); (2, 3); (3, 2); (3, 5); (4, 1); (4, 7); (5, 3); (5, 8); (7, 4); (7, 10); (8, 5); (8, 11); (10, 7); (10, 12); (11, 8); (11, 14); (12, 10); (12, 13); (12, 15); (13, 12); (13, 14); (14, 11); (14, 13); (14, 16); (15, 12); (15, 18); (16, 14); (16, 19); (18, 15); (18, 21); (19, 16); (19, 20); (19, 22); (20, 19); (21, 18); (22, 19)",portfoliovqe_mapped_ibm_montreal_qiskit_opt3_18.qasm
74,27,23,"{'sx': 54, 'rz': 52, 'measure': 9}",{'cx': 16},"(17, 18); (18, 17); (18, 21); (19, 20); (19, 22); (20, 19); (21, 18); (21, 23); (22, 19); (22, 25); (23, 21); (23, 24); (24, 23); (24, 25); (25, 22); (25, 24)",vqe_mapped_ibm_montreal_qiskit_opt3_9.qasm
75,27,111,"{'rz': 111, 'sx': 82, 'measure': 8, 'x': 2}",{'cx': 76},"(11, 14); (12, 13); (12, 15); (13, 12); (13, 14); (14, 11); (14, 13); (14, 16); (15, 12); (15, 18); (16, 14); (16, 19); (18, 15); (19, 16)",qgan_mapped_ibm_montreal_qiskit_opt3_8.qasm
76,27,25,"{'rz': 53, 'sx': 42, 'measure': 10, 'x': 9}",{'cx': 18},"(12, 13); (12, 15); (13, 12); (13, 14); (14, 13); (15, 12); (15, 18); (18, 15); (18, 21); (21, 18); (21, 23); (23, 21); (23, 24); (24, 23); (24, 25); (25, 24); (25, 26); (26, 25)",vqe_mapped_ibm_montreal_qiskit_opt3_10.qasm
77,27,387,"{'rz': 298, 'sx': 80, 'x': 14, 'measure': 12}",{'cx': 476},"(4, 7); (7, 4); (7, 10); (10, 7); (10, 12); (12, 10); (12, 13); (12, 15); (13, 12); (13, 14); (14, 13); (14, 16); (15, 12); (15, 18); (16, 14); (16, 19); (18, 15); (18, 21); (19, 16); (19, 22); (21, 18); (21, 23); (22, 19); (22, 25); (23, 21); (23, 24); (24, 23); (24, 25); (25, 22); (25, 24)",qpeinexact_mapped_ibm_montreal_qiskit_opt3_13.qasm
78,27,133,"{'rz': 105, 'sx': 36, 'measure': 8, 'x': 7}",{'cx': 135},"(11, 14); (13, 14); (14, 11); (14, 13); (14, 16); (16, 14); (16, 19); (19, 16); (19, 20); (19, 22); (20, 19); (22, 19); (22, 25); (25, 22)",qft_mapped_ibm_montreal_qiskit_opt3_8.qasm
79,27,540,"{'rz': 728, 'sx': 323, 'x': 66, 'measure': 19}",{'cx': 954},"(1, 2); (1, 4); (2, 1); (2, 3); (3, 2); (3, 5); (4, 1); (4, 7); (5, 3); (5, 8); (7, 4); (7, 10); (8, 5); (8, 11); (10, 7); (10, 12); (11, 8); (11, 14); (12, 10); (12, 13); (12, 15); (13, 12); (13, 14); (14, 11); (14, 13); (14, 16); (15, 12); (15, 18); (16, 14); (16, 19); (18, 15); (18, 21); (19, 16); (19, 22); (21, 18); (21, 23); (22, 19); (22, 25); (23, 21); (23, 24); (24, 23); (24, 25); (25, 22); (25, 24)",qft_mapped_ibm_montreal_qiskit_opt3_19.qasm
80,27,539,"{'rz': 319, 'sx': 120, 'x': 11, 'measure': 5}",{'cx': 376},"(12, 13); (12, 15); (13, 12); (15, 12); (15, 18); (18, 15); (18, 21); (21, 18)",grover-noancilla_mapped_ibm_montreal_qiskit_opt3_5.qasm
81,27,45,"{'sx': 40, 'rz': 20, 'measure': 11, 'x': 1}",{'cx': 20},"(6, 7); (7, 6); (7, 10); (10, 7); (10, 12); (12, 10); (12, 15); (15, 12); (15, 18); (18, 15); (18, 21); (21, 18); (21, 23); (23, 21); (23, 24); (24, 23); (24, 25); (25, 24); (25, 26); (26, 25)",wstate_mapped_ibm_montreal_qiskit_opt3_11.qasm
82,27,479,"{'rz': 194, 'sx': 167, 'measure': 11, 'x': 6}",{'cx': 563},"(8, 11); (10, 12); (11, 8); (11, 14); (12, 10); (12, 13); (12, 15); (13, 12); (13, 14); (14, 11); (14, 13); (14, 16); (15, 12); (16, 14); (16, 19); (19, 16); (19, 20); (19, 22); (20, 19); (22, 19)",twolocalrandom_mapped_ibm_montreal_qiskit_opt3_11.qasm
83,27,321,"{'rz': 208, 'sx': 73, 'measure': 11, 'x': 3}",{'cx': 253},"(5, 8); (8, 5); (8, 11); (10, 12); (11, 8); (11, 14); (12, 10); (12, 13); (12, 15); (13, 12); (13, 14); (14, 11); (14, 13); (14, 16); (15, 12); (16, 14); (16, 19); (19, 16); (19, 22); (22, 19)",ae_mapped_ibm_montreal_qiskit_opt3_11.qasm
84,27,84,"{'rz': 65, 'sx': 37, 'measure': 17, 'x': 1}",{'cx': 79},"(1, 4); (4, 1); (4, 7); (7, 4); (7, 10); (8, 11); (10, 7); (10, 12); (11, 8); (11, 14); (12, 10); (12, 13); (12, 15); (13, 12); (13, 14); (14, 11); (14, 13); (14, 16); (15, 12); (15, 18); (16, 14); (16, 19); (18, 15); (18, 21); (19, 16); (19, 22); (21, 18); (21, 23); (22, 19); (22, 25); (23, 21); (24, 25); (25, 22); (25, 24)",dj_mapped_ibm_montreal_qiskit_opt3_18.qasm
85,27,615,"{'rz': 370, 'sx': 146, 'x': 22, 'measure': 22}",{'cx': 810},"(8, 11); (10, 12); (11, 8); (11, 14); (12, 10); (12, 13); (12, 15); (13, 12); (13, 14); (14, 11); (14, 13); (14, 16); (15, 12); (15, 18); (16, 14); (16, 19); (18, 15); (19, 16); (19, 20); (20, 19)",portfolioqaoa_mapped_ibm_montreal_qiskit_opt3_11.qasm
86,27,178,"{'rz': 120, 'sx': 59, 'measure': 8, 'x': 6}",{'cx': 101},"(11, 14); (12, 13); (12, 15); (13, 12); (13, 14); (14, 11); (14, 13); (14, 16); (15, 12); (16, 14); (16, 19); (19, 16); (19, 22); (22, 19)",ae_mapped_ibm_montreal_qiskit_opt3_8.qasm
87,27,129,"{'rz': 86, 'sx': 24, 'measure': 6, 'x': 4}",{'cx': 117},"(12, 13); (12, 15); (13, 12); (13, 14); (14, 13); (14, 16); (15, 12); (16, 14); (16, 19); (19, 16); (19, 22); (22, 19)",qpeinexact_mapped_ibm_montreal_qiskit_opt3_7.qasm
88,27,22,"{'measure': 19, 'rz': 2, 'sx': 1}",{'cx': 18},"(1, 2); (1, 4); (2, 1); (2, 3); (3, 2); (3, 5); (4, 1); (4, 7); (5, 3); (5, 8); (6, 7); (7, 4); (7, 6); (8, 5); (8, 11); (11, 8); (11, 14); (12, 13); (12, 15); (13, 12); (13, 14); (14, 11); (14, 13); (15, 12); (15, 18); (18, 15); (18, 21); (21, 18); (21, 23); (23, 21); (23, 24); (24, 23); (24, 25); (25, 24); (25, 26); (26, 25)",ghz_mapped_ibm_montreal_qiskit_opt3_19.qasm
89,27,444,"{'rz': 255, 'sx': 109, 'measure': 18, 'x': 10}",{'cx': 491},"(8, 11); (10, 12); (11, 8); (11, 14); (12, 10); (12, 13); (12, 15); (13, 12); (13, 14); (14, 11); (14, 13); (14, 16); (15, 12); (16, 14); (16, 19); (19, 16)",portfolioqaoa_mapped_ibm_montreal_qiskit_opt3_9.qasm
90,27,573,"{'rz': 553, 'sx': 146, 'x': 22, 'measure': 17}",{'cx': 908},"(5, 8); (7, 10); (8, 5); (8, 11); (10, 7); (10, 12); (11, 8); (11, 14); (12, 10); (12, 13); (12, 15); (13, 12); (13, 14); (14, 11); (14, 13); (14, 16); (15, 12); (15, 18); (16, 14); (16, 19); (18, 15); (18, 21); (19, 16); (19, 20); (19, 22); (20, 19); (21, 18); (21, 23); (22, 19); (22, 25); (23, 21); (23, 24); (24, 23); (24, 25); (25, 22); (25, 24)",qpeexact_mapped_ibm_montreal_qiskit_opt3_18.qasm
91,27,61,"{'rz': 42, 'sx': 21, 'measure': 13}",{'cx': 61},"(1, 2); (1, 4); (2, 1); (2, 3); (3, 2); (3, 5); (4, 1); (4, 7); (5, 3); (5, 8); (7, 4); (7, 10); (8, 5); (8, 11); (10, 7); (10, 12); (11, 8); (11, 14); (12, 10); (12, 13); (12, 15); (13, 12); (13, 14); (14, 11); (14, 13); (14, 16); (15, 12); (15, 18); (16, 14); (16, 19); (18, 15); (18, 21); (19, 16); (19, 22); (21, 18); (21, 23); (22, 19); (22, 25); (23, 21); (23, 24); (24, 23); (24, 25); (25, 22); (25, 24)",graphstate_mapped_ibm_montreal_qiskit_opt3_13.qasm
92,27,24,"{'rz': 24, 'sx': 12, 'measure': 12}",{'cx': 12},"(12, 13); (12, 15); (13, 12); (13, 14); (14, 13); (14, 16); (15, 12); (15, 18); (16, 14); (16, 19); (18, 15); (18, 21); (19, 16); (19, 22); (21, 18); (21, 23); (22, 19); (22, 25); (23, 21); (23, 24); (24, 23); (24, 25); (25, 22); (25, 24)",graphstate_mapped_ibm_montreal_qiskit_opt3_12.qasm
93,27,619,"{'rz': 651, 'sx': 195, 'x': 32, 'measure': 18}",{'cx': 984},"(1, 2); (1, 4); (2, 1); (2, 3); (3, 2); (3, 5); (4, 1); (4, 7); (5, 3); (5, 8); (7, 4); (7, 10); (8, 5); (8, 11); (10, 7); (10, 12); (11, 8); (11, 14); (12, 10); (12, 13); (12, 15); (13, 12); (13, 14); (14, 11); (14, 13); (14, 16); (15, 12); (15, 18); (16, 14); (16, 19); (18, 15); (18, 21); (19, 16); (19, 22); (21, 18); (21, 23); (22, 19); (22, 25); (23, 21); (23, 24); (24, 23); (24, 25); (25, 22); (25, 24)",qpeexact_mapped_ibm_montreal_qiskit_opt3_19.qasm
94,27,199,"{'rz': 155, 'sx': 78, 'measure': 9, 'x': 3}",{'cx': 138},"(7, 10); (10, 7); (10, 12); (12, 10); (12, 13); (12, 15); (13, 12); (13, 14); (14, 13); (14, 16); (15, 12); (16, 14); (16, 19); (19, 16); (19, 22); (22, 19)",ae_mapped_ibm_montreal_qiskit_opt3_9.qasm
95,27,93,"{'rz': 64, 'sx': 21, 'measure': 5, 'x': 4}",{'cx': 60},"(11, 14); (12, 13); (13, 12); (13, 14); (14, 11); (14, 13); (14, 16); (16, 14); (16, 19); (19, 16)",qpeinexact_mapped_ibm_montreal_qiskit_opt3_6.qasm
96,27,21,"{'measure': 18, 'rz': 2, 'sx': 1}",{'cx': 17},"(1, 2); (1, 4); (2, 1); (2, 3); (3, 2); (3, 5); (4, 1); (4, 7); (5, 3); (5, 8); (7, 4); (8, 5); (8, 11); (11, 8); (11, 14); (12, 13); (12, 15); (13, 12); (13, 14); (14, 11); (14, 13); (15, 12); (15, 18); (18, 15); (18, 21); (21, 18); (21, 23); (23, 21); (23, 24); (24, 23); (24, 25); (25, 24); (25, 26); (26, 25)",ghz_mapped_ibm_montreal_qiskit_opt3_18.qasm
97,27,298,"{'rz': 206, 'sx': 79, 'measure': 16, 'x': 3}",{'cx': 360},"(11, 14); (12, 13); (12, 15); (13, 12); (13, 14); (14, 11); (14, 13); (14, 16); (15, 12); (16, 14); (16, 19); (19, 16); (19, 20); (20, 19)",portfolioqaoa_mapped_ibm_montreal_qiskit_opt3_8.qasm
98,27,430,"{'rz': 377, 'sx': 190, 'x': 24, 'measure': 20}",{'cx': 561},"(10, 12); (11, 14); (12, 10); (12, 13); (12, 15); (13, 12); (13, 14); (14, 11); (14, 13); (15, 12); (15, 18); (17, 18); (18, 15); (18, 17); (18, 21); (21, 18); (21, 23); (23, 21)",portfolioqaoa_mapped_ibm_montreal_qiskit_opt3_10.qasm
99,27,15,"{'rz': 15, 'sx': 9, 'measure': 4}",{'cx': 7},"(10, 12); (12, 10); (12, 13); (12, 15); (13, 12); (15, 12); (15, 18); (18, 15)",dj_mapped_ibm_montreal_qiskit_opt3_5.qasm
100,27,118,"{'rz': 61, 'sx': 54, 'measure': 5, 'x': 1}",{'cx': 88},"(12, 15); (15, 12); (15, 18); (18, 15); (18, 21); (21, 18); (21, 23); (23, 21)",twolocalrandom_mapped_ibm_montreal_qiskit_opt3_5.qasm
101,27,92,"{'rz': 70, 'sx': 39, 'measure': 18, 'x': 1}",{'cx': 79},"(0, 1); (1, 0); (1, 4); (4, 1); (4, 7); (6, 7); (7, 4); (7, 6); (7, 10); (8, 11); (10, 7); (10, 12); (11, 8); (11, 14); (12, 10); (12, 13); (12, 15); (13, 12); (13, 14); (14, 11); (14, 13); (14, 16); (15, 12); (15, 18); (16, 14); (16, 19); (17, 18); (18, 15); (18, 17); (18, 21); (19, 16); (19, 20); (19, 22); (20, 19); (21, 18); (22, 19)",dj_mapped_ibm_montreal_qiskit_opt3_19.qasm
102,27,41,"{'sx': 36, 'rz': 18, 'measure': 10, 'x': 1}",{'cx': 18},"(6, 7); (7, 6); (7, 10); (10, 7); (10, 12); (12, 10); (12, 15); (15, 12); (15, 18); (18, 15); (18, 21); (21, 18); (21, 23); (23, 21); (23, 24); (24, 23); (24, 25); (25, 24)",wstate_mapped_ibm_montreal_qiskit_opt3_10.qasm
103,27,326,"{'rz': 314, 'sx': 255, 'x': 25, 'measure': 10}",{'cx': 360},"(8, 11); (11, 8); (11, 14); (12, 13); (12, 15); (13, 12); (13, 14); (14, 11); (14, 13); (14, 16); (15, 12); (15, 18); (16, 14); (17, 18); (18, 15); (18, 17); (18, 21); (21, 18)",twolocalrandom_mapped_ibm_montreal_qiskit_opt3_10.qasm
104,27,217,"{'rz': 178, 'sx': 85, 'measure': 10, 'x': 7}",{'cx': 160},"(10, 12); (11, 14); (12, 10); (12, 13); (12, 15); (13, 12); (13, 14); (14, 11); (14, 13); (14, 16); (15, 12); (15, 18); (16, 14); (17, 18); (18, 15); (18, 17); (18, 21); (21, 18)",ae_mapped_ibm_montreal_qiskit_opt3_10.qasm
105,27,413,"{'rz': 644, 'sx': 302, 'x': 50, 'measure': 18}",{'cx': 760},"(1, 2); (1, 4); (2, 1); (2, 3); (3, 2); (3, 5); (4, 1); (4, 7); (5, 3); (5, 8); (7, 4); (7, 10); (8, 5); (8, 11); (10, 7); (10, 12); (11, 8); (11, 14); (12, 10); (12, 13); (12, 15); (13, 12); (13, 14); (14, 11); (14, 13); (14, 16); (15, 12); (15, 18); (16, 14); (16, 19); (18, 15); (18, 21); (19, 16); (19, 22); (21, 18); (21, 23); (22, 19); (22, 25); (23, 21); (23, 24); (24, 23); (24, 25); (25, 22); (25, 24)",qft_mapped_ibm_montreal_qiskit_opt3_18.qasm
106,27,149,"{'rz': 124, 'sx': 33, 'measure': 9, 'x': 6}",{'cx': 168},"(8, 11); (10, 12); (11, 8); (11, 14); (12, 10); (12, 13); (12, 15); (13, 12); (13, 14); (14, 11); (14, 13); (14, 16); (15, 12); (15, 18); (16, 14); (18, 15)",qft_mapped_ibm_montreal_qiskit_opt3_9.qasm
107,27,309,"{'rz': 282, 'sx': 101, 'x': 15, 'measure': 11}",{'cx': 393},"(12, 13); (12, 15); (13, 12); (13, 14); (14, 13); (14, 16); (15, 12); (15, 18); (16, 14); (16, 19); (18, 15); (18, 21); (19, 16); (19, 22); (21, 18); (21, 23); (22, 19); (22, 25); (23, 21); (23, 24); (24, 23); (24, 25); (25, 22); (25, 24)",qpeinexact_mapped_ibm_montreal_qiskit_opt3_12.qasm
108,27,900,"{'rz': 1213, 'sx': 958, 'x': 102, 'measure': 20}",{'cx': 1933},"(4, 7); (6, 7); (7, 4); (7, 6); (7, 10); (8, 9); (8, 11); (9, 8); (10, 7); (10, 12); (11, 8); (11, 14); (12, 10); (12, 13); (12, 15); (13, 12); (13, 14); (14, 11); (14, 13); (14, 16); (15, 12); (15, 18); (16, 14); (16, 19); (18, 15); (18, 21); (19, 16); (19, 20); (19, 22); (20, 19); (21, 18); (21, 23); (22, 19); (22, 25); (23, 21); (23, 24); (24, 23); (24, 25); (25, 22); (25, 24)",su2random_mapped_ibm_montreal_qiskit_opt3_20.qasm
109,27,25,"{'rz': 64, 'sx': 64, 'measure': 11, 'x': 1}",{'cx': 20},"(6, 7); (7, 6); (7, 10); (10, 7); (10, 12); (12, 10); (12, 15); (15, 12); (15, 18); (18, 15); (18, 21); (21, 18); (21, 23); (23, 21); (23, 24); (24, 23); (24, 25); (25, 24); (25, 26); (26, 25)",vqe_mapped_ibm_montreal_qiskit_opt3_11.qasm
110,27,22,"{'rz': 43, 'sx': 42, 'measure': 8, 'x': 3}",{'cx': 14},"(12, 15); (15, 12); (15, 18); (18, 15); (18, 21); (21, 18); (21, 23); (23, 21); (23, 24); (24, 23); (24, 25); (25, 24); (25, 26); (26, 25)",vqe_mapped_ibm_montreal_qiskit_opt3_8.qasm
111,27,182,"{'rz': 141, 'sx': 93, 'measure': 9}",{'cx': 135},"(8, 11); (10, 12); (11, 8); (11, 14); (12, 10); (12, 13); (12, 15); (13, 12); (13, 14); (14, 11); (14, 13); (14, 16); (15, 12); (16, 14); (16, 19); (19, 16)",qgan_mapped_ibm_montreal_qiskit_opt3_9.qasm
112,27,1215,"{'rz': 1923, 'sx': 1215, 'measure': 19, 'x': 9}",{'cx': 2157},"(1, 2); (1, 4); (2, 1); (4, 1); (4, 7); (7, 4); (7, 10); (10, 7); (10, 12); (11, 14); (12, 10); (12, 13); (12, 15); (13, 12); (13, 14); (14, 11); (14, 13); (14, 16); (15, 12); (15, 18); (16, 14); (16, 19); (17, 18); (18, 15); (18, 17); (18, 21); (19, 16); (19, 22); (21, 18); (21, 23); (22, 19); (22, 25); (23, 21); (23, 24); (24, 23); (24, 25); (25, 22); (25, 24)",portfoliovqe_mapped_ibm_montreal_qiskit_opt3_19.qasm
113,27,813,"{'rz': 812, 'sx': 621, 'x': 42, 'measure': 16}",{'cx': 1250},"(1, 2); (1, 4); (2, 1); (2, 3); (3, 2); (3, 5); (4, 1); (4, 7); (5, 3); (5, 8); (7, 4); (7, 10); (8, 5); (8, 11); (10, 7); (10, 12); (11, 8); (11, 14); (12, 10); (12, 13); (12, 15); (13, 12); (13, 14); (14, 11); (14, 13); (14, 16); (15, 12); (15, 18); (16, 14); (16, 19); (18, 15); (18, 21); (19, 16); (19, 22); (21, 18); (22, 19); (22, 25); (24, 25); (25, 22); (25, 24); (25, 26); (26, 25)",su2random_mapped_ibm_montreal_qiskit_opt3_16.qasm
114,27,17,"{'measure': 14, 'rz': 2, 'sx': 1}",{'cx': 13},"(3, 5); (5, 3); (5, 8); (8, 5); (8, 11); (11, 8); (11, 14); (12, 13); (12, 15); (13, 12); (13, 14); (14, 11); (14, 13); (15, 12); (15, 18); (18, 15); (18, 21); (21, 18); (21, 23); (23, 21); (23, 24); (24, 23); (24, 25); (25, 24); (25, 26); (26, 25)",ghz_mapped_ibm_montreal_qiskit_opt3_14.qasm
115,27,77,"{'rz': 46, 'sx': 22, 'measure': 5, 'x': 2}",{'cx': 30},"(10, 12); (12, 10); (12, 13); (12, 15); (13, 12); (15, 12); (15, 18); (18, 15)",ae_mapped_ibm_montreal_qiskit_opt3_5.qasm
116,27,477,"{'rz': 401, 'sx': 127, 'x': 24, 'measure': 14}",{'cx': 673},"(5, 8); (8, 5); (8, 11); (11, 8); (11, 14); (12, 13); (12, 15); (13, 12); (13, 14); (14, 11); (14, 13); (14, 16); (15, 12); (15, 18); (16, 14); (16, 19); (18, 15); (18, 21); (19, 16); (19, 22); (21, 18); (21, 23); (22, 19); (22, 25); (23, 21); (23, 24); (24, 23); (24, 25); (25, 22); (25, 24)",qpeexact_mapped_ibm_montreal_qiskit_opt3_15.qasm
117,27,89,"{'rz': 88, 'sx': 34, 'x': 6, 'measure': 6}",{'cx': 86},"(12, 13); (13, 12); (13, 14); (14, 13); (14, 16); (16, 14); (16, 19); (19, 16); (19, 22); (22, 19); (22, 25); (25, 22)",qpeexact_mapped_ibm_montreal_qiskit_opt3_7.qasm
118,27,48,"{'rz': 34, 'sx': 19, 'measure': 8, 'x': 1}",{'cx': 31},"(1, 2); (1, 4); (2, 1); (4, 1); (4, 7); (7, 4); (7, 10); (10, 7); (10, 12); (12, 10); (12, 13); (12, 15); (13, 12); (13, 14); (14, 13); (14, 16); (15, 12); (15, 18); (16, 14); (16, 19); (18, 15); (19, 16)",dj_mapped_ibm_montreal_qiskit_opt3_9.qasm
119,27,211,"{'rz': 159, 'sx': 47, 'x': 10, 'measure': 10}",{'cx': 244},"(7, 10); (10, 7); (10, 12); (11, 14); (12, 10); (12, 13); (12, 15); (13, 12); (13, 14); (14, 11); (14, 13); (14, 16); (15, 12); (15, 18); (16, 14); (18, 15); (18, 21); (21, 18)",qftentangled_mapped_ibm_montreal_qiskit_opt3_10.qasm
120,27,210,"{'rz': 161, 'sx': 118, 'measure': 6, 'x': 1}",{'cx': 138},"(10, 12); (12, 10); (12, 13); (12, 15); (13, 12); (13, 14); (14, 13); (15, 12); (15, 18); (18, 15)",portfoliovqe_mapped_ibm_montreal_qiskit_opt3_6.qasm
121,27,42961,"{'rz': 25620, 'sx': 8404, 'x': 789, 'measure': 10}",{'cx': 35102},"(10, 12); (11, 14); (12, 10); (12, 13); (12, 15); (13, 12); (13, 14); (14, 11); (14, 13); (14, 16); (15, 12); (15, 18); (16, 14); (17, 18); (18, 15); (18, 17); (18, 21); (21, 18)",qwalk-noancilla_mapped_ibm_montreal_qiskit_opt3_10.qasm
122,27,478,"{'rz': 193, 'sx': 166, 'measure': 11, 'x': 6}",{'cx': 563},"(8, 11); (10, 12); (11, 8); (11, 14); (12, 10); (12, 13); (12, 15); (13, 12); (13, 14); (14, 11); (14, 13); (14, 16); (15, 12); (16, 14); (16, 19); (19, 16); (19, 20); (19, 22); (20, 19); (22, 19)",realamprandom_mapped_ibm_montreal_qiskit_opt3_11.qasm
123,27,58,"{'rz': 57, 'sx': 33, 'measure': 14, 'x': 2}",{'cx': 50},"(5, 8); (8, 5); (8, 11); (10, 12); (11, 8); (11, 14); (12, 10); (12, 13); (12, 15); (13, 12); (13, 14); (14, 11); (14, 13); (14, 16); (15, 12); (15, 18); (16, 14); (16, 19); (17, 18); (18, 15); (18, 17); (18, 21); (19, 16); (19, 22); (21, 18); (21, 23); (22, 19); (22, 25); (23, 21); (25, 22)",dj_mapped_ibm_montreal_qiskit_opt3_15.qasm
124,27,355,"{'rz': 176, 'sx': 151, 'x': 10, 'measure': 9}",{'cx': 344},"(8, 11); (10, 12); (11, 8); (11, 14); (12, 10); (12, 13); (12, 15); (13, 12); (13, 14); (14, 11); (14, 13); (14, 16); (15, 12); (16, 14); (16, 19); (19, 16)",twolocalrandom_mapped_ibm_montreal_qiskit_opt3_9.qasm
125,27,57,"{'rz': 37, 'sx': 13, 'measure': 5, 'x': 3}",{'cx': 37},"(10, 12); (12, 10); (12, 13); (12, 15); (13, 12); (13, 14); (14, 13); (15, 12)",qft_mapped_ibm_montreal_qiskit_opt3_5.qasm
126,27,289,"{'rz': 316, 'sx': 94, 'measure': 14, 'x': 12}",{'cx': 452},"(11, 14); (12, 13); (12, 15); (13, 12); (13, 14); (14, 11); (14, 13); (14, 16); (15, 12); (15, 18); (16, 14); (16, 19); (18, 15); (18, 21); (19, 16); (19, 20); (19, 22); (20, 19); (21, 18); (21, 23); (22, 19); (22, 25); (23, 21); (23, 24); (24, 23); (24, 25); (25, 22); (25, 24)",qft_mapped_ibm_montreal_qiskit_opt3_14.qasm
127,27,10655,"{'rz': 6081, 'sx': 1792, 'x': 395, 'measure': 8}",{'cx': 8502},"(11, 14); (13, 14); (14, 11); (14, 13); (14, 16); (16, 14); (16, 19); (19, 16); (19, 20); (19, 22); (20, 19); (22, 19); (22, 25); (25, 22)",grover-noancilla_mapped_ibm_montreal_qiskit_opt3_8.qasm
128,27,965,"{'rz': 1087, 'sx': 703, 'measure': 15, 'x': 12}",{'cx': 1362},"(5, 8); (8, 5); (8, 11); (10, 12); (11, 8); (11, 14); (12, 10); (12, 13); (12, 15); (13, 12); (13, 14); (14, 11); (14, 13); (14, 16); (15, 12); (15, 18); (16, 14); (16, 19); (17, 18); (18, 15); (18, 17); (18, 21); (19, 16); (19, 22); (21, 18); (21, 23); (22, 19); (22, 25); (23, 21); (23, 24); (24, 23); (24, 25); (25, 22); (25, 24)",portfoliovqe_mapped_ibm_montreal_qiskit_opt3_15.qasm
129,27,29,"{'sx': 24, 'rz': 12, 'measure': 7, 'x': 1}",{'cx': 12},"(17, 18); (18, 17); (18, 21); (21, 18); (21, 23); (23, 21); (23, 24); (24, 23); (24, 25); (25, 24); (25, 26); (26, 25)",wstate_mapped_ibm_montreal_qiskit_opt3_7.qasm
130,27,52,"{'rz': 48, 'sx': 42, 'measure': 5}",{'cx': 20},"(12, 15); (15, 12); (15, 18); (18, 15); (18, 21); (21, 18); (21, 23); (23, 21)",qgan_mapped_ibm_montreal_qiskit_opt3_5.qasm
131,27,603,"{'rz': 761, 'sx': 614, 'x': 60, 'measure': 15}",{'cx': 877},"(10, 12); (11, 14); (12, 10); (12, 13); (12, 15); (13, 12); (13, 14); (14, 11); (14, 13); (14, 16); (15, 12); (16, 14); (16, 19); (17, 18); (18, 17); (18, 21); (19, 16); (19, 22); (21, 18); (21, 23); (22, 19); (22, 25); (23, 21); (23, 24); (24, 23); (24, 25); (25, 22); (25, 24)",su2random_mapped_ibm_montreal_qiskit_opt3_15.qasm
132,27,264,"{'rz': 209, 'sx': 101, 'measure': 14, 'x': 11}",{'cx': 267},"(10, 12); (12, 10); (12, 13); (13, 12); (13, 14); (14, 13); (14, 16); (16, 14); (16, 19); (19, 16); (19, 22); (22, 19)",portfolioqaoa_mapped_ibm_montreal_qiskit_opt3_7.qasm
133,27,212,"{'rz': 146, 'sx': 53, 'x': 10, 'measure': 8}",{'cx': 161},"(8, 11); (10, 12); (11, 8); (11, 14); (12, 10); (12, 13); (12, 15); (13, 12); (13, 14); (14, 11); (14, 13); (14, 16); (15, 12); (16, 14); (16, 19); (19, 16)",qpeinexact_mapped_ibm_montreal_qiskit_opt3_9.qasm
134,27,105,"{'rz': 65, 'sx': 32, 'measure': 6, 'x': 2}",{'cx': 54},"(11, 14); (12, 13); (12, 15); (13, 12); (13, 14); (14, 11); (14, 13); (14, 16); (15, 12); (16, 14)",ae_mapped_ibm_montreal_qiskit_opt3_6.qasm
135,27,20,"{'measure': 17, 'rz': 2, 'sx': 1}",{'cx': 16},"(0, 1); (1, 0); (1, 2); (2, 1); (2, 3); (3, 2); (3, 5); (5, 3); (5, 8); (8, 5); (8, 11); (11, 8); (11, 14); (12, 13); (12, 15); (13, 12); (13, 14); (14, 11); (14, 13); (15, 12); (15, 18); (18, 15); (18, 21); (21, 18); (21, 23); (23, 21); (23, 24); (24, 23); (24, 25); (25, 24); (25, 26); (26, 25)",ghz_mapped_ibm_montreal_qiskit_opt3_17.qasm
136,27,498,"{'rz': 511, 'sx': 212, 'x': 30, 'measure': 15}",{'cx': 669},"(5, 8); (8, 5); (8, 11); (11, 8); (11, 14); (12, 13); (12, 15); (13, 12); (13, 14); (14, 11); (14, 13); (14, 16); (15, 12); (15, 18); (16, 14); (16, 19); (18, 15); (18, 21); (19, 16); (19, 22); (21, 18); (21, 23); (22, 19); (22, 25); (23, 21); (23, 24); (24, 23); (24, 25); (25, 22); (25, 24); (25, 26); (26, 25)",qpeexact_mapped_ibm_montreal_qiskit_opt3_16.qasm
137,27,550,"{'rz': 367, 'sx': 295, 'x': 22, 'measure': 12}",{'cx': 860},"(12, 13); (12, 15); (13, 12); (13, 14); (14, 13); (14, 16); (15, 12); (15, 18); (16, 14); (16, 19); (18, 15); (18, 21); (19, 16); (19, 22); (21, 18); (21, 23); (22, 19); (22, 25); (23, 21); (23, 24); (24, 23); (24, 25); (25, 22); (25, 24); (25, 26); (26, 25)",realamprandom_mapped_ibm_montreal_qiskit_opt3_12.qasm
138,27,145,"{'rz': 105, 'sx': 78, 'measure': 5}",{'cx': 100},"(12, 15); (15, 12); (15, 18); (18, 15); (18, 21); (21, 18); (21, 23); (23, 21)",portfoliovqe_mapped_ibm_montreal_qiskit_opt3_5.qasm
139,27,320,"{'rz': 250, 'sx': 30, 'measure': 13, 'x': 6}",{'cx': 526},"(11, 14); (12, 13); (12, 15); (13, 12); (13, 14); (14, 11); (14, 13); (14, 16); (15, 12); (15, 18); (16, 14); (16, 19); (18, 15); (18, 21); (19, 16); (19, 22); (21, 18); (21, 23); (22, 19); (22, 25); (23, 21); (23, 24); (24, 23); (24, 25); (25, 22); (25, 24)",qftentangled_mapped_ibm_montreal_qiskit_opt3_13.qasm
140,27,78,"{'rz': 57, 'sx': 31, 'measure': 15}",{'cx': 76},"(5, 8); (8, 5); (8, 11); (10, 12); (11, 8); (11, 14); (12, 10); (12, 13); (12, 15); (13, 12); (13, 14); (14, 11); (14, 13); (14, 16); (15, 12); (15, 18); (16, 14); (16, 19); (18, 15); (18, 21); (19, 16); (19, 22); (21, 18); (22, 19); (22, 25); (24, 25); (25, 22); (25, 24); (25, 26); (26, 25)",dj_mapped_ibm_montreal_qiskit_opt3_16.qasm
141,27,73,"{'rz': 51, 'sx': 10, 'measure': 6, 'x': 2}",{'cx': 65},"(14, 16); (16, 14); (16, 19); (19, 16); (19, 20); (19, 22); (20, 19); (22, 19); (22, 25); (25, 22)",qft_mapped_ibm_montreal_qiskit_opt3_6.qasm
142,27,420,"{'rz': 490, 'sx': 149, 'x': 39, 'measure': 17}",{'cx': 705},"(1, 2); (1, 4); (2, 1); (2, 3); (3, 2); (3, 5); (4, 1); (4, 7); (5, 3); (5, 8); (7, 4); (7, 10); (8, 5); (8, 9); (8, 11); (9, 8); (10, 7); (10, 12); (11, 8); (11, 14); (12, 10); (12, 13); (12, 15); (13, 12); (13, 14); (14, 11); (14, 13); (14, 16); (15, 12); (15, 18); (16, 14); (16, 19); (18, 15); (19, 16); (19, 20); (19, 22); (20, 19); (22, 19); (22, 25); (25, 22)",qft_mapped_ibm_montreal_qiskit_opt3_17.qasm
143,27,1030,"{'rz': 1356, 'sx': 845, 'measure': 16, 'x': 5}",{'cx': 1508},"(5, 8); (8, 5); (8, 11); (10, 12); (11, 8); (11, 14); (12, 10); (12, 13); (12, 15); (13, 12); (13, 14); (14, 11); (14, 13); (14, 16); (15, 12); (15, 18); (16, 14); (16, 19); (18, 15); (18, 21); (19, 16); (19, 22); (21, 18); (21, 23); (22, 19); (22, 25); (23, 21); (23, 24); (24, 23); (24, 25); (25, 22); (25, 24); (25, 26); (26, 25)",portfoliovqe_mapped_ibm_montreal_qiskit_opt3_16.qasm
144,27,71,"{'rz': 60, 'sx': 50, 'measure': 6}",{'cx': 42},"(12, 13); (12, 15); (13, 12); (13, 14); (14, 13); (14, 16); (15, 12); (16, 14); (16, 19); (19, 16)",qgan_mapped_ibm_montreal_qiskit_opt3_6.qasm
145,27,21,"{'rz': 42, 'sx': 40, 'measure': 7, 'x': 1}",{'cx': 12},"(17, 18); (18, 17); (18, 21); (21, 18); (21, 23); (23, 21); (23, 24); (24, 23); (24, 25); (25, 24); (25, 26); (26, 25)",vqe_mapped_ibm_montreal_qiskit_opt3_7.qasm
146,27,827,"{'rz': 1262, 'sx': 982, 'x': 86, 'measure': 19}",{'cx': 1745},"(1, 2); (1, 4); (2, 1); (4, 1); (4, 7); (6, 7); (7, 4); (7, 6); (7, 10); (10, 7); (10, 12); (11, 14); (12, 10); (12, 13); (12, 15); (13, 12); (13, 14); (14, 11); (14, 13); (14, 16); (15, 12); (15, 18); (16, 14); (16, 19); (18, 15); (18, 21); (19, 16); (19, 22); (21, 18); (21, 23); (22, 19); (22, 25); (23, 21); (23, 24); (24, 23); (24, 25); (25, 22); (25, 24)",su2random_mapped_ibm_montreal_qiskit_opt3_19.qasm
147,27,37,"{'rz': 50, 'sx': 30, 'measure': 11, 'x': 1}",{'cx': 32},"(8, 11); (10, 12); (11, 8); (11, 14); (12, 10); (12, 13); (12, 15); (13, 12); (13, 14); (14, 11); (14, 13); (14, 16); (15, 12); (15, 18); (16, 14); (16, 19); (18, 15); (19, 16); (19, 22); (22, 19)",graphstate_mapped_ibm_montreal_qiskit_opt3_11.qasm
148,27,60,"{'rz': 134, 'sx': 70, 'measure': 28}",{'cx': 89},"(11, 14); (12, 15); (13, 14); (14, 11); (14, 13); (14, 16); (15, 12); (15, 18); (16, 14); (17, 18); (18, 15); (18, 17); (18, 21); (19, 20); (19, 22); (20, 19); (21, 18); (21, 23); (22, 19); (22, 25); (23, 21); (25, 22)",qaoa_mapped_ibm_montreal_qiskit_opt3_14.qasm
149,27,64,"{'rz': 44, 'sx': 16, 'measure': 4, 'x': 2}",{'cx': 40},"(10, 12); (12, 10); (12, 13); (12, 15); (13, 12); (15, 12); (15, 18); (18, 15)",qpeinexact_mapped_ibm_montreal_qiskit_opt3_5.qasm
150,27,29,"{'rz': 21, 'sx': 13, 'measure': 5, 'x': 1}",{'cx': 15},"(11, 14); (12, 13); (12, 15); (13, 12); (13, 14); (14, 11); (14, 13); (14, 16); (15, 12); (15, 18); (16, 14); (17, 18); (18, 15); (18, 17); (18, 21); (21, 18)",dj_mapped_ibm_montreal_qiskit_opt3_6.qasm
151,27,170,"{'rz': 109, 'sx': 29, 'measure': 7, 'x': 4}",{'cx': 140},"(11, 14); (12, 13); (12, 15); (13, 12); (13, 14); (14, 11); (14, 13); (14, 16); (15, 12); (15, 18); (16, 14); (16, 19); (18, 15); (19, 16)",qpeexact_mapped_ibm_montreal_qiskit_opt3_8.qasm
152,27,664,"{'rz': 644, 'sx': 348, 'x': 42, 'measure': 26}",{'cx': 1122},"(7, 10); (10, 7); (10, 12); (12, 10); (12, 13); (12, 15); (13, 12); (13, 14); (14, 13); (14, 16); (15, 12); (15, 18); (16, 14); (16, 19); (18, 15); (18, 21); (19, 16); (19, 22); (21, 18); (21, 23); (22, 19); (22, 25); (23, 21); (23, 24); (24, 23); (24, 25); (25, 22); (25, 24); (25, 26); (26, 25)",portfolioqaoa_mapped_ibm_montreal_qiskit_opt3_13.qasm
153,27,165,"{'rz': 84, 'sx': 73, 'measure': 6, 'x': 2}",{'cx': 132},"(10, 12); (12, 10); (12, 13); (12, 15); (13, 12); (13, 14); (14, 13); (15, 12); (15, 18); (18, 15)",twolocalrandom_mapped_ibm_montreal_qiskit_opt3_6.qasm
154,27,405,"{'rz': 308, 'sx': 128, 'x': 13, 'measure': 13}",{'cx': 340},"(7, 10); (10, 7); (10, 12); (11, 14); (12, 10); (12, 13); (12, 15); (13, 12); (13, 14); (14, 11); (14, 13); (14, 16); (15, 12); (15, 18); (16, 14); (16, 19); (18, 15); (18, 21); (19, 16); (19, 22); (21, 18); (21, 23); (22, 19); (23, 21)",ae_mapped_ibm_montreal_qiskit_opt3_13.qasm
155,27,1224,"{'rz': 1951, 'sx': 1183, 'measure': 20, 'x': 11}",{'cx': 2358},"(5, 8); (7, 10); (8, 5); (8, 9); (8, 11); (9, 8); (10, 7); (10, 12); (11, 8); (11, 14); (12, 10); (12, 13); (12, 15); (13, 12); (13, 14); (14, 11); (14, 13); (14, 16); (15, 12); (15, 18); (16, 14); (16, 19); (18, 15); (18, 21); (19, 16); (19, 20); (19, 22); (20, 19); (21, 18); (21, 23); (22, 19); (22, 25); (23, 21); (23, 24); (24, 23); (24, 25); (25, 22); (25, 24); (25, 26); (26, 25)",portfoliovqe_mapped_ibm_montreal_qiskit_opt3_20.qasm
156,27,528,"{'rz': 440, 'sx': 358, 'x': 37, 'measure': 13}",{'cx': 853},"(7, 10); (10, 7); (10, 12); (12, 10); (12, 13); (12, 15); (13, 12); (13, 14); (14, 13); (14, 16); (15, 12); (15, 18); (16, 14); (16, 19); (18, 15); (18, 21); (19, 16); (19, 22); (21, 18); (21, 23); (22, 19); (22, 25); (23, 21); (23, 24); (24, 23); (24, 25); (25, 22); (25, 24); (25, 26); (26, 25)",twolocalrandom_mapped_ibm_montreal_qiskit_opt3_13.qasm
157,27,53,"{'sx': 48, 'rz': 24, 'measure': 13, 'x': 1}",{'cx': 24},"(12, 13); (12, 15); (13, 12); (13, 14); (14, 13); (14, 16); (15, 12); (15, 18); (16, 14); (16, 19); (18, 15); (18, 21); (19, 16); (19, 20); (20, 19); (21, 18); (21, 23); (23, 21); (23, 24); (24, 23); (24, 25); (25, 24); (25, 26); (26, 25)",wstate_mapped_ibm_montreal_qiskit_opt3_13.qasm
158,27,463,"{'rz': 366, 'sx': 245, 'measure': 9, 'x': 3}",{'cx': 382},"(8, 11); (10, 12); (11, 8); (11, 14); (12, 10); (12, 13); (12, 15); (13, 12); (13, 14); (14, 11); (14, 13); (14, 16); (15, 12); (16, 14); (16, 19); (19, 16)",portfoliovqe_mapped_ibm_montreal_qiskit_opt3_9.qasm
159,27,4395,"{'rz': 2427, 'sx': 799, 'x': 157, 'measure': 7}",{'cx': 3974},"(7, 10); (10, 7); (10, 12); (12, 10); (12, 13); (13, 12); (13, 14); (14, 13); (14, 16); (16, 14); (16, 19); (19, 16)",grover-noancilla_mapped_ibm_montreal_qiskit_opt3_7.qasm
160,27,725,"{'rz': 656, 'sx': 174, 'x': 29, 'measure': 19}",{'cx': 1208},"(1, 2); (1, 4); (2, 1); (2, 3); (3, 2); (3, 5); (4, 1); (4, 7); (5, 3); (5, 8); (7, 4); (7, 10); (8, 5); (8, 9); (8, 11); (9, 8); (10, 7); (10, 12); (11, 8); (11, 14); (12, 10); (12, 13); (12, 15); (13, 12); (13, 14); (14, 11); (14, 13); (14, 16); (15, 12); (15, 18); (16, 14); (16, 19); (18, 15); (18, 21); (19, 16); (19, 20); (19, 22); (20, 19); (21, 18); (21, 23); (22, 19); (22, 25); (23, 21); (23, 24); (24, 23); (24, 25); (25, 22); (25, 24)",qpeexact_mapped_ibm_montreal_qiskit_opt3_20.qasm
161,27,263,"{'rz': 217, 'sx': 63, 'x': 10, 'measure': 10}",{'cx': 285},"(5, 8); (8, 5); (8, 11); (10, 12); (11, 8); (11, 14); (12, 10); (12, 13); (12, 15); (13, 12); (13, 14); (14, 11); (14, 13); (14, 16); (15, 12); (16, 14); (16, 19); (19, 16); (19, 22); (22, 19)",qpeinexact_mapped_ibm_montreal_qiskit_opt3_11.qasm
162,27,27,"{'rz': 69, 'sx': 64, 'measure': 12, 'x': 4}",{'cx': 22},"(2, 3); (3, 2); (3, 5); (5, 3); (5, 8); (8, 5); (8, 11); (11, 8); (11, 14); (14, 11); (14, 16); (16, 14); (16, 19); (19, 16); (19, 22); (22, 19); (22, 25); (23, 24); (24, 23); (24, 25); (25, 22); (25, 24)",vqe_mapped_ibm_montreal_qiskit_opt3_12.qasm
163,27,33,"{'sx': 28, 'rz': 14, 'measure': 8, 'x': 1}",{'cx': 14},"(17, 18); (18, 17); (18, 21); (19, 22); (21, 18); (21, 23); (22, 19); (22, 25); (23, 21); (23, 24); (24, 23); (24, 25); (25, 22); (25, 24)",wstate_mapped_ibm_montreal_qiskit_opt3_8.qasm
164,27,106,"{'rz': 80, 'sx': 45, 'measure': 19, 'x': 1}",{'cx': 120},"(4, 7); (5, 8); (6, 7); (7, 4); (7, 6); (7, 10); (8, 5); (8, 11); (10, 7); (10, 12); (11, 8); (11, 14); (12, 10); (12, 13); (13, 12); (13, 14); (14, 11); (14, 13); (14, 16); (16, 14); (16, 19); (18, 21); (19, 16); (19, 20); (19, 22); (20, 19); (21, 18); (21, 23); (22, 19); (22, 25); (23, 21); (23, 24); (24, 23); (24, 25); (25, 22); (25, 24); (25, 26); (26, 25)",dj_mapped_ibm_montreal_qiskit_opt3_20.qasm
165,27,37,"{'sx': 32, 'rz': 16, 'measure': 9, 'x': 1}",{'cx': 16},"(17, 18); (18, 17); (18, 21); (19, 20); (19, 22); (20, 19); (21, 18); (21, 23); (22, 19); (22, 25); (23, 21); (23, 24); (24, 23); (24, 25); (25, 22); (25, 24)",wstate_mapped_ibm_montreal_qiskit_opt3_9.qasm
166,27,27,"{'rz': 75, 'sx': 72, 'measure': 13, 'x': 3}",{'cx': 24},"(12, 13); (12, 15); (13, 12); (13, 14); (14, 13); (14, 16); (15, 12); (15, 18); (16, 14); (16, 19); (18, 15); (18, 21); (19, 16); (19, 20); (20, 19); (21, 18); (21, 23); (23, 21); (23, 24); (24, 23); (24, 25); (25, 24); (25, 26); (26, 25)",vqe_mapped_ibm_montreal_qiskit_opt3_13.qasm
167,27,228,"{'rz': 181, 'sx': 56, 'measure': 9, 'x': 8}",{'cx': 215},"(8, 11); (10, 12); (11, 8); (11, 14); (12, 10); (12, 13); (12, 15); (13, 12); (13, 14); (14, 11); (14, 13); (14, 16); (15, 12); (15, 18); (16, 14); (17, 18); (18, 15); (18, 17)",qpeinexact_mapped_ibm_montreal_qiskit_opt3_10.qasm
168,27,23,"{'measure': 20, 'rz': 2, 'sx': 1}",{'cx': 19},"(1, 2); (1, 4); (2, 1); (2, 3); (3, 2); (3, 5); (4, 1); (4, 7); (5, 3); (5, 8); (7, 4); (7, 10); (8, 5); (8, 11); (10, 7); (10, 12); (11, 8); (11, 14); (12, 10); (12, 15); (14, 11); (14, 16); (15, 12); (15, 18); (16, 14); (16, 19); (18, 15); (18, 21); (19, 16); (21, 18); (21, 23); (23, 21); (23, 24); (24, 23); (24, 25); (25, 24); (25, 26); (26, 25)",ghz_mapped_ibm_montreal_qiskit_opt3_20.qasm
169,27,1368,"{'rz': 713, 'sx': 153, 'x': 15, 'measure': 6}",{'cx': 1218},"(12, 13); (12, 15); (13, 12); (13, 14); (14, 13); (14, 16); (15, 12); (15, 18); (16, 14); (18, 15)",grover-noancilla_mapped_ibm_montreal_qiskit_opt3_6.qasm
170,27,325,"{'rz': 290, 'sx': 157, 'x': 19, 'measure': 12}",{'cx': 239},"(10, 12); (11, 14); (12, 10); (12, 13); (12, 15); (13, 12); (13, 14); (14, 11); (14, 13); (14, 16); (15, 12); (15, 18); (16, 14); (16, 19); (18, 15); (19, 16); (19, 22); (22, 19); (22, 25); (25, 22); (25, 26); (26, 25)",ae_mapped_ibm_montreal_qiskit_opt3_12.qasm
171,27,551,"{'rz': 371, 'sx': 295, 'x': 22, 'measure': 12}",{'cx': 860},"(12, 13); (12, 15); (13, 12); (13, 14); (14, 13); (14, 16); (15, 12); (15, 18); (16, 14); (16, 19); (18, 15); (18, 21); (19, 16); (19, 22); (21, 18); (21, 23); (22, 19); (22, 25); (23, 21); (23, 24); (24, 23); (24, 25); (25, 22); (25, 24); (25, 26); (26, 25)",twolocalrandom_mapped_ibm_montreal_qiskit_opt3_12.qasm
172,27,49,"{'sx': 44, 'rz': 22, 'measure': 12, 'x': 1}",{'cx': 22},"(12, 13); (12, 15); (13, 12); (13, 14); (14, 13); (14, 16); (15, 12); (15, 18); (16, 14); (16, 19); (18, 15); (18, 21); (19, 16); (19, 20); (20, 19); (21, 18); (21, 23); (23, 21); (23, 24); (24, 23); (24, 25); (25, 24)",wstate_mapped_ibm_montreal_qiskit_opt3_12.qasm
173,27,319,"{'rz': 296, 'sx': 202, 'measure': 8, 'x': 5}",{'cx': 271},"(11, 14); (12, 13); (12, 15); (13, 12); (13, 14); (14, 11); (14, 13); (14, 16); (15, 12); (16, 14); (16, 19); (19, 16); (19, 20); (20, 19)",portfoliovqe_mapped_ibm_montreal_qiskit_opt3_8.qasm
174,27,193,"{'rz': 173, 'sx': 141, 'x': 7, 'measure': 7}",{'cx': 172},"(10, 12); (12, 10); (12, 13); (13, 12); (13, 14); (14, 13); (14, 16); (16, 14); (16, 19); (19, 16); (19, 22); (22, 19)",twolocalrandom_mapped_ibm_montreal_qiskit_opt3_7.qasm
175,27,36,"{'rz': 29, 'sx': 17, 'measure': 6, 'x': 2}",{'cx': 14},"(10, 12); (12, 10); (12, 13); (12, 15); (13, 12); (13, 14); (14, 13); (14, 16); (15, 12); (16, 14); (16, 19); (19, 16); (19, 22); (22, 19)",dj_mapped_ibm_montreal_qiskit_opt3_7.qasm
176,27,181,"{'rz': 137, 'sx': 44, 'x': 9, 'measure': 8}",{'cx': 160},"(7, 10); (10, 7); (10, 12); (11, 14); (12, 10); (12, 13); (12, 15); (13, 12); (13, 14); (14, 11); (14, 13); (14, 16); (15, 12); (16, 14); (16, 19); (19, 16)",qpeexact_mapped_ibm_montreal_qiskit_opt3_9.qasm
177,27,626,"{'rz': 414, 'sx': 162, 'measure': 24, 'x': 17}",{'cx': 1041},"(11, 14); (12, 13); (12, 15); (13, 12); (13, 14); (14, 11); (14, 13); (14, 16); (15, 12); (15, 18); (16, 14); (16, 19); (18, 15); (18, 21); (19, 16); (19, 22); (21, 18); (21, 23); (22, 19); (22, 25); (23, 21); (23, 24); (24, 23); (24, 25); (25, 22); (25, 24); (25, 26); (26, 25)",portfolioqaoa_mapped_ibm_montreal_qiskit_opt3_12.qasm
178,27,581,"{'rz': 704, 'sx': 236, 'x': 50, 'measure': 20}",{'cx': 1014},"(1, 2); (1, 4); (2, 1); (2, 3); (3, 2); (3, 5); (4, 1); (4, 7); (5, 3); (5, 8); (6, 7); (7, 4); (7, 6); (7, 10); (8, 5); (8, 11); (10, 7); (10, 12); (11, 8); (11, 14); (12, 10); (12, 13); (12, 15); (13, 12); (13, 14); (14, 11); (14, 13); (14, 16); (15, 12); (15, 18); (16, 14); (16, 19); (17, 18); (18, 15); (18, 17); (18, 21); (19, 16); (19, 22); (21, 18); (21, 23); (22, 19); (22, 25); (23, 21); (23, 24); (24, 23); (24, 25); (25, 22); (25, 24)",qft_mapped_ibm_montreal_qiskit_opt3_20.qasm
179,27,772,"{'rz': 1267, 'sx': 927, 'x': 48, 'measure': 18}",{'cx': 1512},"(1, 2); (1, 4); (2, 1); (2, 3); (3, 2); (3, 5); (4, 1); (4, 7); (5, 3); (5, 8); (7, 4); (7, 10); (8, 5); (8, 11); (10, 7); (10, 12); (11, 8); (11, 14); (12, 10); (12, 13); (12, 15); (13, 12); (13, 14); (14, 11); (14, 13); (14, 16); (15, 12); (15, 18); (16, 14); (16, 19); (18, 15); (18, 21); (19, 16); (19, 22); (21, 18); (21, 23); (22, 19); (22, 25); (23, 21); (23, 24); (24, 23); (24, 25); (25, 22); (25, 24)",su2random_mapped_ibm_montreal_qiskit_opt3_18.qasm
180,27,33,"{'rz': 36, 'sx': 22, 'measure': 10, 'x': 2}",{'cx': 27},"(7, 10); (10, 7); (10, 12); (12, 10); (12, 13); (12, 15); (13, 12); (13, 14); (14, 13); (15, 12); (15, 18); (18, 15); (18, 21); (21, 18); (21, 23); (23, 21); (23, 24); (24, 23)",graphstate_mapped_ibm_montreal_qiskit_opt3_10.qasm
181,27,82,"{'rz': 92, 'sx': 73, 'measure': 7, 'x': 1}",{'cx': 54},"(10, 12); (12, 10); (12, 13); (12, 15); (13, 12); (13, 14); (14, 13); (14, 16); (15, 12); (16, 14); (16, 19); (19, 16)",qgan_mapped_ibm_montreal_qiskit_opt3_7.qasm
182,27,21,"{'sx': 16, 'rz': 8, 'measure': 5, 'x': 1}",{'cx': 8},"(21, 23); (23, 21); (23, 24); (24, 23); (24, 25); (25, 24); (25, 26); (26, 25)",wstate_mapped_ibm_montreal_qiskit_opt3_5.qasm
183,27,20,"{'rz': 30, 'sx': 28, 'measure': 6, 'x': 4}",{'cx': 10},"(18, 21); (21, 18); (21, 23); (23, 21); (23, 24); (24, 23); (24, 25); (25, 24); (25, 26); (26, 25)",vqe_mapped_ibm_montreal_qiskit_opt3_6.qasm
184,27,1099,"{'rz': 1588, 'sx': 1051, 'measure': 17, 'x': 11}",{'cx': 1656},"(1, 2); (1, 4); (2, 1); (2, 3); (3, 2); (3, 5); (4, 1); (4, 7); (5, 3); (5, 8); (7, 4); (7, 10); (8, 5); (8, 9); (8, 11); (9, 8); (10, 7); (10, 12); (11, 8); (11, 14); (12, 10); (12, 13); (12, 15); (13, 12); (13, 14); (14, 11); (14, 13); (14, 16); (15, 12); (15, 18); (16, 14); (16, 19); (18, 15); (19, 16); (19, 22); (22, 19); (22, 25); (23, 24); (24, 23); (24, 25); (25, 22); (25, 24)",portfoliovqe_mapped_ibm_montreal_qiskit_opt3_17.qasm
185,27,390,"{'rz': 510, 'sx': 224, 'x': 26, 'measure': 16}",{'cx': 610},"(7, 10); (10, 7); (10, 12); (11, 14); (12, 10); (12, 13); (12, 15); (13, 12); (13, 14); (14, 11); (14, 13); (14, 16); (15, 12); (15, 18); (16, 14); (16, 19); (18, 15); (18, 21); (19, 16); (19, 22); (21, 18); (21, 23); (22, 19); (22, 25); (23, 21); (23, 24); (24, 23); (24, 25); (25, 22); (25, 24); (25, 26); (26, 25)",qft_mapped_ibm_montreal_qiskit_opt3_16.qasm
186,27,104,"{'rz': 93, 'sx': 43, 'measure': 7, 'x': 6}",{'cx': 91},"(10, 12); (12, 10); (12, 13); (12, 15); (13, 12); (13, 14); (14, 13); (14, 16); (15, 12); (16, 14); (16, 19); (19, 16)",qft_mapped_ibm_montreal_qiskit_opt3_7.qasm
187,27,66,"{'rz': 63, 'sx': 35, 'measure': 16, 'x': 1}",{'cx': 70},"(4, 7); (5, 8); (7, 4); (7, 10); (8, 5); (8, 9); (8, 11); (9, 8); (10, 7); (10, 12); (11, 8); (11, 14); (12, 10); (12, 13); (12, 15); (13, 12); (13, 14); (14, 11); (14, 13); (14, 16); (15, 12); (15, 18); (16, 14); (16, 19); (18, 15); (18, 21); (19, 16); (19, 22); (21, 18); (22, 19); (22, 25); (25, 22)",dj_mapped_ibm_montreal_qiskit_opt3_17.qasm
188,27,530,"{'rz': 443, 'sx': 358, 'x': 36, 'measure': 13}",{'cx': 853},"(7, 10); (10, 7); (10, 12); (12, 10); (12, 13); (12, 15); (13, 12); (13, 14); (14, 13); (14, 16); (15, 12); (15, 18); (16, 14); (16, 19); (18, 15); (18, 21); (19, 16); (19, 22); (21, 18); (21, 23); (22, 19); (22, 25); (23, 21); (23, 24); (24, 23); (24, 25); (25, 22); (25, 24); (25, 26); (26, 25)",realamprandom_mapped_ibm_montreal_qiskit_opt3_13.qasm
189,27,161108,"{'rz': 94504, 'sx': 24357, 'x': 4680, 'measure': 12}",{'cx': 176756},"(12, 13); (12, 15); (13, 12); (13, 14); (14, 13); (14, 16); (15, 12); (15, 18); (16, 14); (16, 19); (18, 15); (18, 21); (19, 16); (19, 22); (21, 18); (21, 23); (22, 19); (22, 25); (23, 21); (23, 24); (24, 23); (24, 25); (25, 22); (25, 24)",qwalk-noancilla_mapped_ibm_montreal_qiskit_opt3_12.qasm
190,27,256,"{'rz': 227, 'sx': 41, 'measure': 12, 'x': 9}",{'cx': 393},"(8, 11); (11, 8); (11, 14); (12, 13); (12, 15); (13, 12); (13, 14); (14, 11); (14, 13); (14, 16); (15, 12); (15, 18); (16, 14); (16, 19); (18, 15); (18, 21); (19, 16); (19, 22); (21, 18); (21, 23); (22, 19); (22, 25); (23, 21); (23, 24); (24, 23); (24, 25); (25, 22); (25, 24)",qftentangled_mapped_ibm_montreal_qiskit_opt3_12.qasm
191,27,62,"{'rz': 45, 'sx': 18, 'measure': 4, 'x': 2}",{'cx': 39},"(10, 12); (12, 10); (12, 13); (12, 15); (13, 12); (15, 12); (15, 18); (18, 15)",qpeexact_mapped_ibm_montreal_qiskit_opt3_5.qasm
192,27,529,"{'rz': 522, 'sx': 150, 'x': 19, 'measure': 16}",{'cx': 798},"(5, 8); (7, 10); (8, 5); (8, 11); (10, 7); (10, 12); (11, 8); (11, 14); (12, 10); (12, 13); (12, 15); (13, 12); (13, 14); (14, 11); (14, 13); (14, 16); (15, 12); (15, 18); (16, 14); (16, 19); (18, 15); (18, 21); (19, 16); (19, 22); (21, 18); (21, 23); (22, 19); (22, 25); (23, 21); (23, 24); (24, 23); (24, 25); (25, 22); (25, 24)",qpeexact_mapped_ibm_montreal_qiskit_opt3_17.qasm
193,27,199,"{'rz': 126, 'sx': 55, 'measure': 12, 'x': 1}",{'cx': 171},"(10, 12); (12, 10); (12, 13); (12, 15); (13, 12); (13, 14); (14, 13); (15, 12); (15, 18); (18, 15)",portfolioqaoa_mapped_ibm_montreal_qiskit_opt3_6.qasm
194,27,168,"{'rz': 106, 'sx': 28, 'measure': 7, 'x': 4}",{'cx': 141},"(11, 14); (12, 13); (12, 15); (13, 12); (13, 14); (14, 11); (14, 13); (14, 16); (15, 12); (15, 18); (16, 14); (16, 19); (18, 15); (19, 16)",qpeinexact_mapped_ibm_montreal_qiskit_opt3_8.qasm
195,27,123,"{'rz': 102, 'sx': 56, 'x': 7, 'measure': 7}",{'cx': 67},"(10, 12); (12, 10); (12, 13); (12, 15); (13, 12); (13, 14); (14, 13); (14, 16); (15, 12); (16, 14); (16, 19); (19, 16)",ae_mapped_ibm_montreal_qiskit_opt3_7.qasm
196,27,19,"{'measure': 16, 'rz': 2, 'sx': 1}",{'cx': 15},"(1, 2); (2, 1); (2, 3); (3, 2); (3, 5); (5, 3); (5, 8); (8, 5); (8, 11); (11, 8); (11, 14); (12, 13); (12, 15); (13, 12); (13, 14); (14, 11); (14, 13); (15, 12); (15, 18); (18, 15); (18, 21); (21, 18); (21, 23); (23, 21); (23, 24); (24, 23); (24, 25); (25, 24); (25, 26); (26, 25)",ghz_mapped_ibm_montreal_qiskit_opt3_16.qasm
197,27,679,"{'rz': 699, 'sx': 545, 'x': 34, 'measure': 14}",{'cx': 993},"(10, 12); (11, 14); (12, 10); (12, 13); (12, 15); (13, 12); (13, 14); (14, 11); (14, 13); (14, 16); (15, 12); (15, 18); (16, 14); (16, 19); (18, 15); (18, 21); (19, 16); (19, 22); (21, 18); (21, 23); (22, 19); (22, 25); (23, 21); (23, 24); (24, 23); (24, 25); (25, 22); (25, 24)",su2random_mapped_ibm_montreal_qiskit_opt3_14.qasm
198,27,49,"{'rz': 64, 'sx': 37, 'measure': 17}",{'cx': 74},"(1, 2); (1, 4); (2, 1); (2, 3); (3, 2); (3, 5); (4, 1); (4, 7); (5, 3); (5, 8); (7, 4); (7, 10); (8, 5); (8, 9); (8, 11); (9, 8); (10, 7); (10, 12); (11, 8); (11, 14); (12, 10); (12, 13); (12, 15); (13, 12); (13, 14); (14, 11); (14, 13); (14, 16); (15, 12); (15, 18); (16, 14); (16, 19); (17, 18); (18, 15); (18, 17); (18, 21); (19, 16); (19, 22); (21, 18); (21, 23); (22, 19); (22, 25); (23, 21); (23, 24); (24, 23); (24, 25); (25, 22); (25, 24)",graphstate_mapped_ibm_montreal_qiskit_opt3_17.qasm
199,27,36,"{'rz': 114, 'sx': 60, 'measure': 24}",{'cx': 48},"(12, 13); (12, 15); (13, 12); (13, 14); (14, 13); (14, 16); (15, 12); (15, 18); (16, 14); (16, 19); (18, 15); (18, 21); (19, 16); (19, 22); (21, 18); (21, 23); (22, 19); (22, 25); (23, 21); (23, 24); (24, 23); (24, 25); (25, 22); (25, 24)",qaoa_mapped_ibm_montreal_qiskit_opt3_12.qasm
200,27,44,"{'rz': 49, 'sx': 25, 'measure': 10}",{'cx': 32},"(1, 2); (2, 1); (2, 3); (3, 2); (3, 5); (5, 3); (5, 8); (8, 5)",qaoa_mapped_ibm_montreal_qiskit_opt3_5.qasm
201,27,532,"{'rz': 1463, 'sx': 1056, 'x': 34, 'measure': 18}",{'cx': 1102},"(1, 2); (1, 4); (2, 1); (2, 3); (3, 2); (3, 5); (4, 1); (4, 7); (5, 3); (5, 8); (7, 4); (7, 10); (8, 5); (8, 11); (10, 7); (10, 12); (11, 8); (11, 14); (12, 10); (12, 13); (12, 15); (13, 12); (13, 14); (14, 11); (14, 13); (14, 16); (15, 12); (15, 18); (16, 14); (16, 19); (18, 15); (18, 21); (19, 16); (19, 20); (19, 22); (20, 19); (21, 18); (22, 19)",realamprandom_mapped_ibm_montreal_qiskit_opt3_18.qasm
202,27,409,"{'rz': 414, 'sx': 184, 'x': 19, 'measure': 15}",{'cx': 437},"(5, 8); (8, 5); (8, 11); (10, 12); (11, 8); (11, 14); (12, 10); (12, 13); (12, 15); (13, 12); (13, 14); (14, 11); (14, 13); (14, 16); (15, 12); (15, 18); (16, 14); (16, 19); (17, 18); (18, 15); (18, 17); (18, 21); (19, 16); (19, 22); (21, 18); (22, 19); (22, 25); (25, 22)",ae_mapped_ibm_montreal_qiskit_opt3_15.qasm
203,27,61,"{'sx': 56, 'rz': 28, 'measure': 15, 'x': 1}",{'cx': 28},"(0, 1); (1, 0); (1, 2); (2, 1); (2, 3); (3, 2); (3, 5); (5, 3); (5, 8); (8, 5); (8, 11); (11, 8); (11, 14); (14, 11); (14, 16); (16, 14); (16, 19); (19, 16); (19, 22); (21, 23); (22, 19); (22, 25); (23, 21); (23, 24); (24, 23); (24, 25); (25, 22); (25, 24)",wstate_mapped_ibm_montreal_qiskit_opt3_15.qasm
204,27,506,"{'rz': 619, 'sx': 205, 'x': 32, 'measure': 19}",{'cx': 1026},"(1, 2); (1, 4); (2, 1); (2, 3); (3, 2); (3, 5); (4, 1); (4, 7); (5, 3); (5, 8); (7, 4); (7, 10); (8, 5); (8, 11); (10, 7); (10, 12); (11, 8); (11, 14); (12, 10); (12, 13); (12, 15); (13, 12); (13, 14); (14, 11); (14, 13); (14, 16); (15, 12); (15, 18); (16, 14); (16, 19); (18, 15); (18, 21); (19, 16); (19, 20); (19, 22); (20, 19); (21, 18); (21, 23); (22, 19); (22, 25); (23, 21); (23, 24); (24, 23); (24, 25); (25, 22); (25, 24)",qftentangled_mapped_ibm_montreal_qiskit_opt3_19.qasm
205,27,763,"{'rz': 609, 'sx': 478, 'x': 46, 'measure': 15}",{'cx': 1268},"(5, 8); (8, 5); (8, 11); (10, 12); (11, 8); (11, 14); (12, 10); (12, 13); (12, 15); (13, 12); (13, 14); (14, 11); (14, 13); (14, 16); (15, 12); (15, 18); (16, 14); (16, 19); (17, 18); (18, 15); (18, 17); (18, 21); (19, 16); (19, 22); (21, 18); (21, 23); (22, 19); (22, 25); (23, 21); (23, 24); (24, 23); (24, 25); (25, 22); (25, 24)",twolocalrandom_mapped_ibm_montreal_qiskit_opt3_15.qasm
206,27,69,"{'rz': 34, 'sx': 6, 'measure': 5}",{'cx': 54},"(12, 15); (15, 12); (15, 18); (18, 15); (18, 21); (21, 18); (21, 23); (23, 21)",qftentangled_mapped_ibm_montreal_qiskit_opt3_5.qasm
207,27,526,"{'rz': 520, 'sx': 148, 'x': 18, 'measure': 16}",{'cx': 799},"(5, 8); (7, 10); (8, 5); (8, 11); (10, 7); (10, 12); (11, 8); (11, 14); (12, 10); (12, 13); (12, 15); (13, 12); (13, 14); (14, 11); (14, 13); (14, 16); (15, 12); (15, 18); (16, 14); (16, 19); (18, 15); (18, 21); (19, 16); (19, 22); (21, 18); (21, 23); (22, 19); (22, 25); (23, 21); (23, 24); (24, 23); (24, 25); (25, 22); (25, 24)",qpeinexact_mapped_ibm_montreal_qiskit_opt3_17.qasm
208,27,28,"{'rz': 83, 'sx': 82, 'measure': 14, 'x': 1}",{'cx': 26},"(3, 5); (5, 3); (5, 8); (8, 5); (8, 11); (11, 8); (11, 14); (12, 13); (12, 15); (13, 12); (13, 14); (14, 11); (14, 13); (15, 12); (15, 18); (18, 15); (18, 21); (21, 18); (21, 23); (23, 21); (23, 24); (24, 23); (24, 25); (25, 24); (25, 26); (26, 25)",vqe_mapped_ibm_montreal_qiskit_opt3_14.qasm
209,27,118,"{'rz': 64, 'sx': 54, 'measure': 5, 'x': 1}",{'cx': 88},"(12, 15); (15, 12); (15, 18); (18, 15); (18, 21); (21, 18); (21, 23); (23, 21)",su2random_mapped_ibm_montreal_qiskit_opt3_5.qasm
210,27,20761,"{'rz': 11980, 'sx': 3332, 'x': 698, 'measure': 9}",{'cx': 16045},"(8, 11); (10, 12); (11, 8); (11, 14); (12, 10); (12, 13); (13, 12); (13, 14); (14, 11); (14, 13); (14, 16); (16, 14); (16, 19); (19, 16); (19, 22); (22, 19)",qwalk-noancilla_mapped_ibm_montreal_qiskit_opt3_9.qasm
211,27,204,"{'rz': 174, 'sx': 125, 'measure': 10, 'x': 2}",{'cx': 168},"(8, 11); (11, 8); (11, 14); (12, 13); (12, 15); (13, 12); (13, 14); (14, 11); (14, 13); (14, 16); (15, 12); (15, 18); (16, 14); (16, 19); (18, 15); (19, 16); (19, 22); (22, 19); (22, 25); (24, 25); (25, 22); (25, 24)",qgan_mapped_ibm_montreal_qiskit_opt3_10.qasm
212,27,582,"{'rz': 614, 'sx': 501, 'x': 58, 'measure': 13}",{'cx': 808},"(7, 10); (10, 7); (10, 12); (12, 10); (12, 13); (12, 15); (13, 12); (13, 14); (14, 13); (14, 16); (15, 12); (15, 18); (16, 14); (16, 19); (18, 15); (18, 21); (19, 16); (19, 22); (21, 18); (21, 23); (22, 19); (22, 25); (23, 21); (23, 24); (24, 23); (24, 25); (25, 22); (25, 24); (25, 26); (26, 25)",su2random_mapped_ibm_montreal_qiskit_opt3_13.qasm
213,27,32,"{'rz': 24, 'sx': 12, 'measure': 8}",{'cx': 32},"(12, 13); (12, 15); (13, 12); (13, 14); (14, 13); (14, 16); (15, 12); (15, 18); (16, 14); (16, 19); (18, 15); (18, 21); (19, 16); (19, 22); (21, 18); (21, 23); (22, 19); (22, 25); (23, 21); (23, 24); (24, 23); (24, 25); (25, 22); (25, 24)",graphstate_mapped_ibm_montreal_qiskit_opt3_8.qasm
214,27,14,"{'measure': 11, 'rz': 2, 'sx': 1}",{'cx': 10},"(6, 7); (7, 6); (7, 10); (10, 7); (10, 12); (12, 10); (12, 15); (15, 12); (15, 18); (18, 15); (18, 21); (21, 18); (21, 23); (23, 21); (23, 24); (24, 23); (24, 25); (25, 24); (25, 26); (26, 25)",ghz_mapped_ibm_montreal_qiskit_opt3_11.qasm
215,27,207,"{'rz': 154, 'sx': 36, 'measure': 9, 'x': 4}",{'cx': 216},"(8, 11); (10, 12); (11, 8); (11, 14); (12, 10); (12, 13); (12, 15); (13, 12); (13, 14); (14, 11); (14, 13); (14, 16); (15, 12); (15, 18); (16, 14); (18, 15); (18, 21); (21, 18)",qpeexact_mapped_ibm_montreal_qiskit_opt3_10.qasm
216,27,50,"{'rz': 92, 'sx': 48, 'measure': 18}",{'cx': 73},"(3, 5); (5, 3); (5, 8); (8, 5); (8, 11); (11, 8); (11, 14); (12, 13); (12, 15); (13, 12); (13, 14); (14, 11); (14, 13); (15, 12); (15, 18); (18, 15)",qaoa_mapped_ibm_montreal_qiskit_opt3_9.qasm
217,27,650,"{'rz': 637, 'sx': 240, 'x': 30, 'measure': 19}",{'cx': 866},"(1, 2); (1, 4); (2, 1); (2, 3); (3, 2); (4, 1); (4, 7); (6, 7); (7, 4); (7, 6); (7, 10); (10, 7); (10, 12); (12, 10); (12, 13); (12, 15); (13, 12); (13, 14); (14, 13); (14, 16); (15, 12); (15, 18); (16, 14); (16, 19); (18, 15); (18, 21); (19, 16); (19, 20); (19, 22); (20, 19); (21, 18); (21, 23); (22, 19); (22, 25); (23, 21); (23, 24); (24, 23); (24, 25); (25, 22); (25, 24)",ae_mapped_ibm_montreal_qiskit_opt3_19.qasm
218,27,673,"{'rz': 458, 'sx': 358, 'measure': 14, 'x': 13}",{'cx': 1161},"(10, 12); (11, 14); (12, 10); (12, 13); (12, 15); (13, 12); (13, 14); (14, 11); (14, 13); (14, 16); (15, 12); (15, 18); (16, 14); (16, 19); (17, 18); (18, 15); (18, 17); (18, 21); (19, 16); (19, 22); (21, 18); (21, 23); (22, 19); (22, 25); (23, 21); (23, 24); (24, 23); (24, 25); (25, 22); (25, 24)",realamprandom_mapped_ibm_montreal_qiskit_opt3_14.qasm
219,27,974,"{'rz': 1166, 'sx': 938, 'x': 108, 'measure': 19}",{'cx': 1839},"(1, 2); (1, 4); (2, 1); (4, 1); (4, 7); (7, 4); (7, 10); (10, 7); (10, 12); (11, 14); (12, 10); (12, 13); (12, 15); (13, 12); (13, 14); (14, 11); (14, 13); (14, 16); (15, 12); (15, 18); (16, 14); (16, 19); (17, 18); (18, 15); (18, 17); (18, 21); (19, 16); (19, 22); (21, 18); (21, 23); (22, 19); (22, 25); (23, 21); (23, 24); (24, 23); (24, 25); (25, 22); (25, 24)",twolocalrandom_mapped_ibm_montreal_qiskit_opt3_19.qasm
220,27,388,"{'rz': 366, 'sx': 84, 'measure': 15, 'x': 9}",{'cx': 562},"(7, 10); (10, 7); (10, 12); (12, 10); (12, 13); (12, 15); (13, 12); (13, 14); (14, 13); (14, 16); (15, 12); (15, 18); (16, 14); (16, 19); (18, 15); (18, 21); (19, 16); (19, 22); (21, 18); (21, 23); (22, 19); (22, 25); (23, 21); (23, 24); (24, 23); (24, 25); (25, 22); (25, 24); (25, 26); (26, 25)",qftentangled_mapped_ibm_montreal_qiskit_opt3_15.qasm
221,27,77,"{'sx': 72, 'rz': 36, 'measure': 19, 'x': 1}",{'cx': 36},"(1, 2); (1, 4); (2, 1); (2, 3); (3, 2); (3, 5); (4, 1); (4, 7); (5, 3); (5, 8); (6, 7); (7, 4); (7, 6); (8, 5); (8, 11); (11, 8); (11, 14); (12, 13); (12, 15); (13, 12); (13, 14); (14, 11); (14, 13); (15, 12); (15, 18); (18, 15); (18, 21); (21, 18); (21, 23); (23, 21); (23, 24); (24, 23); (24, 25); (25, 24); (25, 26); (26, 25)",wstate_mapped_ibm_montreal_qiskit_opt3_19.qasm
222,27,37,"{'rz': 35, 'sx': 21, 'measure': 9, 'x': 1}",{'cx': 20},"(10, 12); (11, 14); (12, 10); (12, 13); (12, 15); (13, 12); (13, 14); (14, 11); (14, 13); (14, 16); (15, 12); (15, 18); (16, 14); (17, 18); (18, 15); (18, 17); (18, 21); (21, 18)",dj_mapped_ibm_montreal_qiskit_opt3_10.qasm
223,27,188,"{'rz': 128, 'sx': 30, 'measure': 9, 'x': 5}",{'cx': 201},"(8, 11); (11, 8); (11, 14); (12, 13); (13, 12); (13, 14); (14, 11); (14, 13); (14, 16); (16, 14); (16, 19); (19, 16); (19, 22); (22, 19); (22, 25); (25, 22)",qftentangled_mapped_ibm_montreal_qiskit_opt3_9.qasm
224,27,259,"{'rz': 228, 'sx': 99, 'x': 19, 'measure': 11}",{'cx': 267},"(8, 11); (11, 8); (11, 14); (12, 13); (13, 12); (13, 14); (14, 11); (14, 13); (14, 16); (16, 14); (16, 19); (19, 16); (19, 22); (22, 19); (22, 25); (23, 24); (24, 23); (24, 25); (25, 22); (25, 24)",qft_mapped_ibm_montreal_qiskit_opt3_11.qasm
225,27,11,"{'measure': 8, 'rz': 2, 'sx': 1}",{'cx': 7},"(12, 15); (15, 12); (15, 18); (18, 15); (18, 21); (21, 18); (21, 23); (23, 21); (23, 24); (24, 23); (24, 25); (25, 24); (25, 26); (26, 25)",ghz_mapped_ibm_montreal_qiskit_opt3_8.qasm
226,27,162,"{'rz': 80, 'sx': 73, 'measure': 6, 'x': 2}",{'cx': 132},"(10, 12); (12, 10); (12, 13); (12, 15); (13, 12); (13, 14); (14, 13); (15, 12); (15, 18); (18, 15)",realamprandom_mapped_ibm_montreal_qiskit_opt3_6.qasm
227,27,32,"{'rz': 108, 'sx': 106, 'measure': 18, 'x': 1}",{'cx': 34},"(1, 2); (1, 4); (2, 1); (2, 3); (3, 2); (3, 5); (4, 1); (4, 7); (5, 3); (5, 8); (7, 4); (8, 5); (8, 11); (11, 8); (11, 14); (12, 13); (12, 15); (13, 12); (13, 14); (14, 11); (14, 13); (15, 12); (15, 18); (18, 15); (18, 21); (21, 18); (21, 23); (23, 21); (23, 24); (24, 23); (24, 25); (25, 24); (25, 26); (26, 25)",vqe_mapped_ibm_montreal_qiskit_opt3_18.qasm
228,27,410,"{'rz': 498, 'sx': 346, 'measure': 10, 'x': 6}",{'cx': 404},"(8, 11); (11, 8); (11, 14); (12, 13); (12, 15); (13, 12); (13, 14); (14, 11); (14, 13); (14, 16); (15, 12); (15, 18); (16, 14); (17, 18); (18, 15); (18, 17); (18, 21); (21, 18)",portfoliovqe_mapped_ibm_montreal_qiskit_opt3_10.qasm
229,27,360,"{'rz': 171, 'sx': 142, 'measure': 9, 'x': 5}",{'cx': 375},"(8, 11); (10, 12); (11, 8); (11, 14); (12, 10); (12, 13); (12, 15); (13, 12); (13, 14); (14, 11); (14, 13); (14, 16); (15, 12); (16, 14); (16, 19); (19, 16)",su2random_mapped_ibm_montreal_qiskit_opt3_9.qasm
230,27,1272,"{'rz': 754, 'sx': 362, 'x': 20, 'measure': 5}",{'cx': 823},"(12, 13); (12, 15); (13, 12); (13, 14); (14, 13); (15, 12); (15, 18); (18, 15)",qwalk-noancilla_mapped_ibm_montreal_qiskit_opt3_5.qasm
231,27,224,"{'rz': 151, 'sx': 121, 'measure': 8, 'x': 3}",{'cx': 246},"(11, 14); (12, 13); (12, 15); (13, 12); (13, 14); (14, 11); (14, 13); (14, 16); (15, 12); (16, 14); (16, 19); (19, 16); (19, 20); (20, 19)",su2random_mapped_ibm_montreal_qiskit_opt3_8.qasm
232,27,605,"{'rz': 484, 'sx': 314, 'measure': 11, 'x': 1}",{'cx': 593},"(8, 11); (10, 12); (11, 8); (11, 14); (12, 10); (12, 13); (12, 15); (13, 12); (13, 14); (14, 11); (14, 13); (14, 16); (15, 12); (16, 14); (16, 19); (19, 16); (19, 20); (19, 22); (20, 19); (22, 19)",portfoliovqe_mapped_ibm_montreal_qiskit_opt3_11.qasm
233,27,16,"{'rz': 40, 'sx': 20, 'measure': 20}",{'cx': 20},"(1, 2); (1, 4); (2, 1); (2, 3); (3, 2); (3, 5); (4, 1); (4, 7); (5, 3); (5, 8); (7, 4); (7, 10); (8, 5); (8, 11); (10, 7); (10, 12); (11, 8); (11, 14); (12, 10); (12, 15); (14, 11); (14, 16); (15, 12); (15, 18); (16, 14); (16, 19); (18, 15); (18, 21); (19, 16); (19, 22); (21, 18); (21, 23); (22, 19); (22, 25); (23, 21); (23, 24); (24, 23); (24, 25); (25, 22); (25, 24)",graphstate_mapped_ibm_montreal_qiskit_opt3_20.qasm
234,27,193,"{'rz': 174, 'sx': 141, 'x': 7, 'measure': 7}",{'cx': 172},"(10, 12); (12, 10); (12, 13); (13, 12); (13, 14); (14, 13); (14, 16); (16, 14); (16, 19); (19, 16); (19, 22); (22, 19)",realamprandom_mapped_ibm_montreal_qiskit_opt3_7.qasm
235,27,33,"{'rz': 111, 'sx': 108, 'measure': 19, 'x': 3}",{'cx': 36},"(1, 2); (1, 4); (2, 1); (2, 3); (3, 2); (3, 5); (4, 1); (4, 7); (5, 3); (5, 8); (6, 7); (7, 4); (7, 6); (8, 5); (8, 11); (11, 8); (11, 14); (12, 13); (12, 15); (13, 12); (13, 14); (14, 11); (14, 13); (15, 12); (15, 18); (18, 15); (18, 21); (21, 18); (21, 23); (23, 21); (23, 24); (24, 23); (24, 25); (25, 24); (25, 26); (26, 25)",vqe_mapped_ibm_montreal_qiskit_opt3_19.qasm
236,27,241,"{'rz': 143, 'sx': 26, 'measure': 10, 'x': 8}",{'cx': 253},"(7, 10); (10, 7); (10, 12); (11, 14); (12, 10); (12, 13); (12, 15); (13, 12); (13, 14); (14, 11); (14, 13); (14, 16); (15, 12); (15, 18); (16, 14); (18, 15); (18, 21); (21, 18)",qft_mapped_ibm_montreal_qiskit_opt3_10.qasm
237,27,12,"{'measure': 9, 'rz': 2, 'sx': 1}",{'cx': 8},"(17, 18); (18, 17); (18, 21); (19, 20); (19, 22); (20, 19); (21, 18); (21, 23); (22, 19); (22, 25); (23, 21); (23, 24); (24, 23); (24, 25); (25, 22); (25, 24)",ghz_mapped_ibm_montreal_qiskit_opt3_9.qasm
238,27,157,"{'rz': 84, 'sx': 13, 'measure': 8, 'x': 2}",{'cx': 172},"(11, 14); (13, 14); (14, 11); (14, 13); (14, 16); (16, 14); (16, 19); (19, 16); (19, 20); (19, 22); (20, 19); (22, 19); (22, 25); (25, 22)",qftentangled_mapped_ibm_montreal_qiskit_opt3_8.qasm
239,27,55,"{'rz': 43, 'sx': 23, 'measure': 10, 'x': 1}",{'cx': 50},"(5, 8); (8, 5); (8, 11); (10, 12); (11, 8); (11, 14); (12, 10); (12, 13); (12, 15); (13, 12); (13, 14); (14, 11); (14, 13); (14, 16); (15, 12); (16, 14); (16, 19); (19, 16); (19, 22); (22, 19)",dj_mapped_ibm_montreal_qiskit_opt3_11.qasm
240,27,559,"{'rz': 585, 'sx': 237, 'x': 23, 'measure': 18}",{'cx': 688},"(5, 8); (8, 5); (8, 9); (8, 11); (9, 8); (10, 12); (11, 8); (11, 14); (12, 10); (12, 13); (12, 15); (13, 12); (13, 14); (14, 11); (14, 13); (14, 16); (15, 12); (15, 18); (16, 14); (16, 19); (18, 15); (19, 16); (19, 20); (19, 22); (20, 19); (21, 23); (22, 19); (22, 25); (23, 21); (23, 24); (24, 23); (24, 25); (25, 22); (25, 24)",ae_mapped_ibm_montreal_qiskit_opt3_18.qasm
241,27,762,"{'rz': 611, 'sx': 479, 'x': 47, 'measure': 15}",{'cx': 1268},"(5, 8); (8, 5); (8, 11); (10, 12); (11, 8); (11, 14); (12, 10); (12, 13); (12, 15); (13, 12); (13, 14); (14, 11); (14, 13); (14, 16); (15, 12); (15, 18); (16, 14); (16, 19); (17, 18); (18, 15); (18, 17); (18, 21); (19, 16); (19, 22); (21, 18); (21, 23); (22, 19); (22, 25); (23, 21); (23, 24); (24, 23); (24, 25); (25, 22); (25, 24)",realamprandom_mapped_ibm_montreal_qiskit_opt3_15.qasm
242,27,539,"{'rz': 1458, 'sx': 1060, 'x': 33, 'measure': 18}",{'cx': 1102},"(1, 2); (1, 4); (2, 1); (2, 3); (3, 2); (3, 5); (4, 1); (4, 7); (5, 3); (5, 8); (7, 4); (7, 10); (8, 5); (8, 11); (10, 7); (10, 12); (11, 8); (11, 14); (12, 10); (12, 13); (12, 15); (13, 12); (13, 14); (14, 11); (14, 13); (14, 16); (15, 12); (15, 18); (16, 14); (16, 19); (18, 15); (18, 21); (19, 16); (19, 20); (19, 22); (20, 19); (21, 18); (22, 19)",twolocalrandom_mapped_ibm_montreal_qiskit_opt3_18.qasm
243,27,381,"{'rz': 337, 'sx': 103, 'x': 23, 'measure': 14}",{'cx': 581},"(8, 11); (11, 8); (11, 14); (12, 13); (12, 15); (13, 12); (13, 14); (14, 11); (14, 13); (14, 16); (15, 12); (15, 18); (16, 14); (16, 19); (18, 15); (18, 21); (19, 16); (19, 22); (21, 18); (21, 23); (22, 19); (22, 25); (23, 21); (23, 24); (24, 23); (24, 25); (25, 22); (25, 24)",qftentangled_mapped_ibm_montreal_qiskit_opt3_14.qasm
244,27,73,"{'sx': 68, 'rz': 34, 'measure': 18, 'x': 1}",{'cx': 34},"(1, 2); (1, 4); (2, 1); (2, 3); (3, 2); (3, 5); (4, 1); (4, 7); (5, 3); (5, 8); (6, 7); (7, 4); (7, 6); (8, 5); (8, 11); (11, 8); (11, 14); (12, 13); (12, 15); (13, 12); (13, 14); (14, 11); (14, 13); (15, 12); (15, 18); (18, 15); (18, 21); (21, 18); (21, 23); (23, 21); (23, 24); (24, 23); (24, 25); (25, 24)",wstate_mapped_ibm_montreal_qiskit_opt3_18.qasm
245,27,41,"{'rz': 76, 'sx': 40, 'measure': 16}",{'cx': 50},"(12, 13); (12, 15); (13, 12); (13, 14); (14, 13); (14, 16); (15, 12); (15, 18); (16, 14); (16, 19); (18, 15); (19, 16); (19, 22); (22, 19)",qaoa_mapped_ibm_montreal_qiskit_opt3_8.qasm
246,27,265,"{'rz': 218, 'sx': 64, 'x': 11, 'measure': 10}",{'cx': 284},"(5, 8); (8, 5); (8, 11); (10, 12); (11, 8); (11, 14); (12, 10); (12, 13); (12, 15); (13, 12); (13, 14); (14, 11); (14, 13); (14, 16); (15, 12); (16, 14); (16, 19); (19, 16); (19, 22); (22, 19)",qpeexact_mapped_ibm_montreal_qiskit_opt3_11.qasm
247,27,42,"{'rz': 36, 'sx': 21, 'measure': 9, 'x': 2}",{'cx': 29},"(7, 10); (10, 7); (10, 12); (11, 14); (12, 10); (12, 13); (12, 15); (13, 12); (13, 14); (14, 11); (14, 13); (14, 16); (15, 12); (15, 18); (16, 14); (16, 19); (18, 15); (19, 16)",graphstate_mapped_ibm_montreal_qiskit_opt3_9.qasm
248,27,13,"{'measure': 10, 'rz': 2, 'sx': 1}",{'cx': 9},"(12, 13); (12, 15); (13, 12); (13, 14); (14, 13); (15, 12); (15, 18); (18, 15); (18, 21); (21, 18); (21, 23); (23, 21); (23, 24); (24, 23); (24, 25); (25, 24); (25, 26); (26, 25)",ghz_mapped_ibm_montreal_qiskit_opt3_10.qasm
249,27,730,"{'rz': 655, 'sx': 172, 'x': 33, 'measure': 19}",{'cx': 1209},"(1, 2); (1, 4); (2, 1); (2, 3); (3, 2); (3, 5); (4, 1); (4, 7); (5, 3); (5, 8); (7, 4); (7, 10); (8, 5); (8, 9); (8, 11); (9, 8); (10, 7); (10, 12); (11, 8); (11, 14); (12, 10); (12, 13); (12, 15); (13, 12); (13, 14); (14, 11); (14, 13); (14, 16); (15, 12); (15, 18); (16, 14); (16, 19); (18, 15); (18, 21); (19, 16); (19, 20); (19, 22); (20, 19); (21, 18); (21, 23); (22, 19); (22, 25); (23, 21); (23, 24); (24, 23); (24, 25); (25, 22); (25, 24)",qpeinexact_mapped_ibm_montreal_qiskit_opt3_20.qasm
250,27,492,"{'rz': 280, 'sx': 232, 'x': 18, 'measure': 12}",{'cx': 799},"(11, 14); (12, 13); (12, 15); (13, 12); (13, 14); (14, 11); (14, 13); (14, 16); (15, 12); (15, 18); (16, 14); (16, 19); (18, 15); (18, 21); (19, 16); (19, 22); (21, 18); (21, 23); (22, 19); (22, 25); (23, 21); (23, 24); (24, 23); (24, 25); (25, 22); (25, 24); (25, 26); (26, 25)",su2random_mapped_ibm_montreal_qiskit_opt3_12.qasm
251,27,188,"{'rz': 200, 'sx': 143, 'measure': 11, 'x': 2}",{'cx': 209},"(8, 11); (11, 8); (11, 14); (12, 13); (12, 15); (13, 12); (13, 14); (14, 11); (14, 13); (14, 16); (15, 12); (15, 18); (16, 14); (16, 19); (18, 15); (18, 21); (19, 16); (19, 20); (19, 22); (20, 19); (21, 18); (21, 23); (22, 19); (22, 25); (23, 21); (23, 24); (24, 23); (24, 25); (25, 22); (25, 24)",qgan_mapped_ibm_montreal_qiskit_opt3_11.qasm
252,27,10261,"{'rz': 5761, 'sx': 1616, 'x': 326, 'measure': 8}",{'cx': 7998},"(11, 14); (13, 14); (14, 11); (14, 13); (14, 16); (16, 14); (16, 19); (19, 16); (19, 20); (19, 22); (20, 19); (22, 19); (22, 25); (25, 22)",qwalk-noancilla_mapped_ibm_montreal_qiskit_opt3_8.qasm
253,27,29,"{'rz': 84, 'sx': 82, 'measure': 15, 'x': 4}",{'cx': 28},"(2, 3); (3, 2); (3, 5); (5, 3); (5, 8); (8, 5); (8, 11); (11, 8); (11, 14); (12, 13); (12, 15); (13, 12); (13, 14); (14, 11); (14, 13); (15, 12); (15, 18); (18, 15); (18, 21); (21, 18); (21, 23); (23, 21); (23, 24); (24, 23); (24, 25); (25, 24); (25, 26); (26, 25)",vqe_mapped_ibm_montreal_qiskit_opt3_15.qasm
254,27,497,"{'rz': 509, 'sx': 210, 'x': 31, 'measure': 15}",{'cx': 670},"(5, 8); (8, 5); (8, 11); (11, 8); (11, 14); (12, 13); (12, 15); (13, 12); (13, 14); (14, 11); (14, 13); (14, 16); (15, 12); (15, 18); (16, 14); (16, 19); (18, 15); (18, 21); (19, 16); (19, 22); (21, 18); (21, 23); (22, 19); (22, 25); (23, 21); (23, 24); (24, 23); (24, 25); (25, 22); (25, 24); (25, 26); (26, 25)",qpeinexact_mapped_ibm_montreal_qiskit_opt3_16.qasm
255,27,8,"{'measure': 5, 'rz': 2, 'sx': 1}",{'cx': 4},"(21, 23); (23, 21); (23, 24); (24, 23); (24, 25); (25, 24); (25, 26); (26, 25)",ghz_mapped_ibm_montreal_qiskit_opt3_5.qasm
256,27,974,"{'rz': 1179, 'sx': 938, 'x': 107, 'measure': 19}",{'cx': 1839},"(1, 2); (1, 4); (2, 1); (4, 1); (4, 7); (7, 4); (7, 10); (10, 7); (10, 12); (11, 14); (12, 10); (12, 13); (12, 15); (13, 12); (13, 14); (14, 11); (14, 13); (14, 16); (15, 12); (15, 18); (16, 14); (16, 19); (17, 18); (18, 15); (18, 17); (18, 21); (19, 16); (19, 22); (21, 18); (21, 23); (22, 19); (22, 25); (23, 21); (23, 24); (24, 23); (24, 25); (25, 22); (25, 24)",realamprandom_mapped_ibm_montreal_qiskit_opt3_19.qasm
257,27,406,"{'rz': 349, 'sx': 130, 'x': 14, 'measure': 14}",{'cx': 419},"(8, 11); (11, 8); (11, 14); (12, 13); (12, 15); (13, 12); (13, 14); (14, 11); (14, 13); (14, 16); (15, 12); (15, 18); (16, 14); (16, 19); (17, 18); (18, 15); (18, 17); (18, 21); (19, 16); (19, 22); (21, 18); (21, 23); (22, 19); (22, 25); (23, 21); (23, 24); (24, 23); (24, 25); (25, 22); (25, 24)",ae_mapped_ibm_montreal_qiskit_opt3_14.qasm
258,27,57,"{'sx': 52, 'rz': 26, 'measure': 14, 'x': 1}",{'cx': 26},"(0, 1); (1, 0); (1, 2); (2, 1); (2, 3); (3, 2); (3, 5); (5, 3); (5, 8); (8, 5); (8, 11); (11, 8); (11, 14); (14, 11); (14, 16); (16, 14); (16, 19); (19, 16); (19, 22); (22, 19); (22, 25); (23, 24); (24, 23); (24, 25); (25, 22); (25, 24)",wstate_mapped_ibm_montreal_qiskit_opt3_14.qasm
259,27,492,"{'rz': 565, 'sx': 191, 'x': 38, 'measure': 18}",{'cx': 833},"(1, 2); (1, 4); (2, 1); (2, 3); (3, 2); (3, 5); (4, 1); (4, 7); (5, 3); (5, 8); (7, 4); (7, 10); (8, 5); (8, 11); (10, 7); (10, 12); (11, 8); (11, 14); (12, 10); (12, 13); (12, 15); (13, 12); (13, 14); (14, 11); (14, 13); (14, 16); (15, 12); (15, 18); (16, 14); (16, 19); (18, 15); (18, 21); (19, 16); (19, 20); (19, 22); (20, 19); (21, 18); (21, 23); (22, 19); (22, 25); (23, 21); (23, 24); (24, 23); (24, 25); (25, 22); (25, 24)",qftentangled_mapped_ibm_montreal_qiskit_opt3_18.qasm
260,27,674,"{'rz': 459, 'sx': 359, 'measure': 14, 'x': 13}",{'cx': 1161},"(10, 12); (11, 14); (12, 10); (12, 13); (12, 15); (13, 12); (13, 14); (14, 11); (14, 13); (14, 16); (15, 12); (15, 18); (16, 14); (16, 19); (17, 18); (18, 15); (18, 17); (18, 21); (19, 16); (19, 22); (21, 18); (21, 23); (22, 19); (22, 25); (23, 21); (23, 24); (24, 23); (24, 25); (25, 22); (25, 24)",twolocalrandom_mapped_ibm_montreal_qiskit_opt3_14.qasm
261,27,29,"{'rz': 14, 'sx': 7, 'measure': 5}",{'cx': 26},"(1, 2); (1, 4); (2, 1); (2, 3); (3, 2); (3, 5); (4, 1); (4, 7); (5, 3); (5, 8); (7, 4); (7, 10); (8, 5); (8, 11); (10, 7); (10, 12); (11, 8); (11, 14); (12, 10); (12, 13); (13, 12); (13, 14); (14, 11); (14, 13)",graphstate_mapped_ibm_montreal_qiskit_opt3_5.qasm
262,27,45,"{'rz': 125, 'sx': 65, 'measure': 26}",{'cx': 97},"(1, 2); (1, 4); (2, 1); (2, 3); (3, 2); (3, 5); (4, 1); (4, 7); (5, 3); (5, 8); (7, 4); (7, 10); (8, 5); (8, 11); (10, 7); (10, 12); (11, 8); (11, 14); (12, 10); (12, 15); (14, 11); (14, 16); (15, 12); (15, 18); (16, 14); (16, 19); (18, 15); (18, 21); (19, 16); (19, 22); (21, 18); (21, 23); (22, 19); (22, 25); (23, 21); (23, 24); (24, 23); (24, 25); (25, 22); (25, 24)",qaoa_mapped_ibm_montreal_qiskit_opt3_13.qasm
263,27,55,"{'rz': 55, 'sx': 30, 'measure': 16, 'x': 2}",{'cx': 78},"(1, 2); (1, 4); (2, 1); (2, 3); (3, 2); (3, 5); (4, 1); (4, 7); (5, 3); (5, 8); (7, 4); (7, 10); (8, 5); (8, 11); (10, 7); (10, 12); (11, 8); (11, 14); (12, 10); (12, 13); (12, 15); (13, 12); (13, 14); (14, 11); (14, 13); (14, 16); (15, 12); (15, 18); (16, 14); (16, 19); (17, 18); (18, 15); (18, 17); (18, 21); (19, 16); (19, 22); (21, 18); (21, 23); (22, 19); (22, 25); (23, 21); (23, 24); (24, 23); (24, 25); (25, 22); (25, 24); (25, 26); (26, 25)",graphstate_mapped_ibm_montreal_qiskit_opt3_16.qasm
